Order_ID,Customer_ID,Product_ID,Quantity,Order_Date,Order_Time,Delivery_Date,Delivery_Time,Location,Occasion,Order_Date,Delivery_Date,,
1,C037,67,5,2/24/2023,23:48:13,5/3/2023,7:27:10,Bardhaman,Anniversary,24/2/2023,5/3/2023,,
2,C019,41,2,7/11/2023,23:30:18,13/11/2023,7:16:17,Jaipur,Diwali,7/11/2023,13/11/2023,,
3,C029,67,5,7/14/2023,19:12:03,19/7/2023,17:39:00,Bilaspur,Anniversary,14/7/2023,19/7/2023,,
4,C012,14,5,10/7/2023,4:44:29,19/7/2023,6:33:23,Guwahati,Birthday,10/7/2023,19/7/2023,,
5,C078,58,2,11/2/2023,19:44:48,18/2/2023,11:08:52,Rajkot,Valentine's Day,11/2/2023,18/2/2023,,
6,C040,28,4,8/20/2023,22:11:35,26/8/2023,19:06:46,Sirsa,Raksha Bandhan,20/8/2023,26/8/2023,,
7,C009,45,2,8/5/2023,1:45:13,13/5/2023,10:07:17,Nanded,Birthday,8/5/2023,13/5/2023,,
8,C097,43,3,8/11/2023,19:20:02,14/11/2023,8:44:45,Morena,Diwali,8/11/2023,14/11/2023,,
9,C044,27,4,8/20/2023,23:39:51,29/8/2023,23:59:54,Rajkot,Raksha Bandhan,20/8/2023,29/8/2023,,
10,C099,56,3,2/26/2023,0:17:26,8/3/2023,20:47:43,Ambala,Anniversary,26/2/2023,8/3/2023,,
11,C065,16,4,2/3/2023,20:14:55,3/3/2023,23:19:47,Belgaum,Holi,2/3/2023,3/3/2023,,
12,C097,38,3,12/7/2023,8:28:56,20/7/2023,23:34:57,Karnal,Birthday,12/7/2023,20/7/2023,,
13,C024,20,3,2/24/2023,16:47:16,4/3/2023,2:27:37,Gandhidham,Anniversary,24/2/2023,4/3/2023,,
14,C042,60,1,8/11/2023,3:46:06,15/11/2023,12:08:02,Bilaspur,Diwali,8/11/2023,15/11/2023,,
15,C069,21,5,8/26/2023,2:52:39,30/8/2023,13:26:45,Pune,Raksha Bandhan,26/8/2023,30/8/2023,,
16,C013,20,3,2/16/2023,15:06:11,20/2/2023,22:14:21,Khammam,Anniversary,16/2/2023,20/2/2023,,
17,C056,60,2,4/11/2023,11:31:33,13/11/2023,18:40:13,Kota,Diwali,4/11/2023,13/11/2023,,
18,C072,23,4,10/12/2023,10:46:15,11/12/2023,0:20:29,Moradabad,Anniversary,10/12/2023,11/12/2023,,
19,C072,62,4,7/3/2023,7:59:48,8/3/2023,3:04:34,Vijayanagaram,Holi,7/3/2023,8/3/2023,,
20,C011,52,1,11/2/2023,14:36:57,14/2/2023,1:34:16,Madurai,Valentine's Day,11/2/2023,14/2/2023,,
21,C090,32,1,9/2/2023,11:20:52,12/2/2023,11:36:26,Bathinda,Birthday,9/2/2023,12/2/2023,,
22,C054,43,1,9/11/2023,1:05:28,14/11/2023,9:49:47,Tenali,Diwali,9/11/2023,14/11/2023,,
23,C041,12,3,5/5/2023,5:28:33,6/5/2023,12:12:24,Ludhiana,Anniversary,5/5/2023,6/5/2023,,
24,C018,42,3,7/25/2023,5:10:42,3/8/2023,7:57:35,Durg,All Occasions,25/7/2023,3/8/2023,,
25,C091,30,3,7/21/2023,10:46:57,24/7/2023,14:28:42,Panipat,Anniversary,21/7/2023,24/7/2023,,
26,C040,6,3,6/3/2023,5:03:06,12/3/2023,6:06:11,Amroha,Holi,6/3/2023,12/3/2023,,
27,C063,9,2,8/22/2023,11:16:28,30/8/2023,7:59:12,Raipur,Raksha Bandhan,22/8/2023,30/8/2023,,
28,C088,42,3,5/5/2023,3:25:25,10/5/2023,7:55:04,Guwahati,All Occasions,5/5/2023,10/5/2023,,
29,C064,10,5,9/22/2023,1:06:22,1/10/2023,14:29:16,Kollam,Birthday,22/9/2023,1/10/2023,,
30,C044,23,4,1/13/2023,9:23:33,15/1/2023,13:36:58,Bulandshahr,Anniversary,13/1/2023,15/1/2023,,
31,C029,7,5,2/28/2023,13:13:22,3/3/2023,23:35:49,Nandyal,Holi,28/2/2023,3/3/2023,,
32,C065,7,5,4/3/2023,15:36:41,5/3/2023,15:54:10,Pudukkottai,Holi,4/3/2023,5/3/2023,,
33,C047,8,3,4/15/2023,1:37:27,25/4/2023,2:13:27,Amroha,Anniversary,15/4/2023,25/4/2023,,
34,C071,17,2,1/10/2023,22:58:15,5/10/2023,5:36:46,Tirupati,Anniversary,1/10/2023,5/10/2023,,
35,C055,7,5,2/3/2023,16:10:26,5/3/2023,15:00:40,Asansol,Holi,2/3/2023,5/3/2023,,
36,C029,66,1,4/3/2023,10:28:53,14/3/2023,8:14:49,New Delhi,Holi,4/3/2023,14/3/2023,,
37,C096,19,5,10/2/2023,11:01:04,15/2/2023,21:19:36,Katni,Valentine's Day,10/2/2023,15/2/2023,,
38,C067,37,3,11/11/2023,12:30:28,14/11/2023,12:24:51,Indore,Diwali,11/11/2023,14/11/2023,,
39,C054,43,2,2/11/2023,19:25:58,4/11/2023,13:28:42,Vellore,Diwali,2/11/2023,4/11/2023,,
40,C066,48,4,2/11/2023,14:15:10,5/11/2023,4:29:54,Raiganj,Diwali,2/11/2023,5/11/2023,,
41,C047,54,4,8/6/2023,19:19:50,10/6/2023,14:29:42,Saharsa,Anniversary,8/6/2023,10/6/2023,,
42,C080,35,1,2/26/2023,0:08:38,7/3/2023,17:18:28,Faridabad,Holi,26/2/2023,7/3/2023,,
43,C046,49,3,12/2/2023,22:31:16,16/2/2023,2:47:47,Sambalpur,Valentine's Day,12/2/2023,16/2/2023,,
44,C006,14,1,7/17/2023,21:57:56,27/7/2023,10:48:09,Bhavnagar,Birthday,17/7/2023,27/7/2023,,
45,C097,61,5,4/28/2023,14:26:26,29/4/2023,6:16:36,Haldia,Anniversary,28/4/2023,29/4/2023,,
46,C059,22,4,4/18/2023,3:21:11,23/4/2023,8:02:45,Guna,All Occasions,18/4/2023,23/4/2023,,
47,C013,7,5,2/26/2023,13:04:28,28/2/2023,6:00:20,Jaipur,Holi,26/2/2023,28/2/2023,,
48,C031,65,4,12/11/2023,20:00:30,16/11/2023,5:31:42,Delhi,All Occasions,12/11/2023,16/11/2023,,
49,C020,43,1,11/11/2023,17:44:30,18/11/2023,13:49:52,Nangloi Jat,Diwali,11/11/2023,18/11/2023,,
50,C014,41,4,9/11/2023,6:56:33,16/11/2023,10:19:22,Jamalpur,Diwali,9/11/2023,16/11/2023,,
51,C036,10,1,3/15/2023,9:23:49,19/3/2023,16:46:40,Agartala,Birthday,15/3/2023,19/3/2023,,
52,C023,9,1,8/29/2023,19:55:22,7/9/2023,4:22:02,Hospet,Raksha Bandhan,29/8/2023,7/9/2023,,
53,C045,9,5,8/20/2023,8:25:45,27/8/2023,5:59:31,Kozhikode,Raksha Bandhan,20/8/2023,27/8/2023,,
54,C059,30,1,4/13/2023,9:55:01,23/4/2023,14:30:59,Ratlam,Anniversary,13/4/2023,23/4/2023,,
55,C040,5,1,8/2/2023,8:01:07,13/2/2023,7:42:58,Kottayam,All Occasions,8/2/2023,13/2/2023,,
56,C095,58,5,8/2/2023,12:11:48,13/2/2023,18:51:59,Danapur,Valentine's Day,8/2/2023,13/2/2023,,
57,C090,35,5,2/26/2023,8:00:15,6/3/2023,12:27:32,Ahmedabad,Holi,26/2/2023,6/3/2023,,
58,C077,36,1,6/1/2023,2:51:30,15/1/2023,8:26:18,Amravati,Birthday,6/1/2023,15/1/2023,,
59,C041,51,5,6/26/2023,3:56:15,28/6/2023,20:10:04,Thiruvananthapuram,All Occasions,26/6/2023,28/6/2023,,
60,C023,5,2,12/13/2023,6:46:45,15/12/2023,13:03:56,Darbhanga,All Occasions,13/12/2023,15/12/2023,,
61,C058,44,2,8/11/2023,22:26:25,10/11/2023,8:08:31,Panihati,Diwali,8/11/2023,10/11/2023,,
62,C074,6,4,2/3/2023,15:30:51,6/3/2023,23:51:40,Jorhat,Holi,2/3/2023,6/3/2023,,
63,C056,42,3,6/25/2023,6:22:38,26/6/2023,15:40:04,Munger,All Occasions,25/6/2023,26/6/2023,,
64,C015,25,1,12/6/2023,2:48:39,15/6/2023,22:05:41,Chittoor,Anniversary,12/6/2023,15/6/2023,,
65,C033,54,2,1/9/2023,13:02:28,11/9/2023,6:33:52,Berhampur,Anniversary,1/9/2023,11/9/2023,,
66,C017,35,5,2/26/2023,21:00:44,27/2/2023,6:25:58,Munger,Holi,26/2/2023,27/2/2023,,
67,C047,10,2,6/7/2023,17:28:21,14/7/2023,21:11:01,Thrissur,Birthday,6/7/2023,14/7/2023,,
68,C050,34,4,8/25/2023,22:43:58,31/8/2023,21:31:14,Ahmedabad,Raksha Bandhan,25/8/2023,31/8/2023,,
69,C091,12,4,2/9/2023,19:21:41,8/9/2023,9:30:02,Hyderabad,Anniversary,2/9/2023,8/9/2023,,
70,C037,17,1,9/28/2023,4:21:09,3/10/2023,11:44:33,Vijayanagaram,Anniversary,28/9/2023,3/10/2023,,
71,C013,9,5,8/20/2023,16:32:06,28/8/2023,13:31:32,Karnal,Raksha Bandhan,20/8/2023,28/8/2023,,
72,C058,26,3,3/3/2023,15:49:26,12/3/2023,17:34:10,Bally,Holi,3/3/2023,12/3/2023,,
73,C057,26,1,3/3/2023,12:52:36,11/3/2023,1:28:36,Farrukhabad,Holi,3/3/2023,11/3/2023,,
74,C024,31,3,1/1/2023,20:55:22,7/1/2023,9:02:03,Shivpuri,All Occasions,1/1/2023,7/1/2023,,
75,C009,65,2,6/4/2023,11:10:24,9/4/2023,23:00:34,Bally,All Occasions,6/4/2023,9/4/2023,,
76,C054,4,1,9/11/2023,5:13:11,12/11/2023,0:34:50,Anand,Diwali,9/11/2023,12/11/2023,,
77,C028,42,3,5/8/2023,1:07:11,13/8/2023,16:20:52,Kanpur,All Occasions,5/8/2023,13/8/2023,,
78,C062,11,2,4/2/2023,13:00:09,8/2/2023,20:31:15,Pallavaram,Valentine's Day,4/2/2023,8/2/2023,,
79,C010,40,2,1/6/2023,17:29:30,11/6/2023,7:34:53,Varanasi,Anniversary,1/6/2023,11/6/2023,,
80,C008,39,4,2/1/2023,11:07:02,11/1/2023,2:05:50,Salem,All Occasions,2/1/2023,11/1/2023,,
81,C053,1,5,2/22/2023,18:29:21,3/3/2023,7:09:32,Kalyan-Dombivli,All Occasions,22/2/2023,3/3/2023,,
82,C038,70,3,4/8/2023,22:02:05,5/8/2023,14:08:13,Gwalior,Birthday,4/8/2023,5/8/2023,,
83,C036,27,4,8/23/2023,19:12:01,2/9/2023,14:44:00,Asansol,Raksha Bandhan,23/8/2023,2/9/2023,,
84,C032,47,1,4/3/2023,3:31:50,6/3/2023,7:02:20,Tirupati,Holi,4/3/2023,6/3/2023,,
85,C041,26,2,4/3/2023,21:35:20,14/3/2023,14:48:22,Agra,Holi,4/3/2023,14/3/2023,,
86,C046,39,4,9/13/2023,11:27:49,22/9/2023,14:09:30,Sirsa,All Occasions,13/9/2023,22/9/2023,,
87,C055,2,5,4/2/2023,13:17:21,11/2/2023,23:06:36,Malda,Valentine's Day,4/2/2023,11/2/2023,,
88,C008,15,4,12/22/2023,10:02:31,1/1/2024,12:17:55,Avadi,Anniversary,22/12/2023,1/1/2024,,
89,C060,3,5,12/2/2023,22:56:52,13/2/2023,14:41:41,Aurangabad,Valentine's Day,12/2/2023,13/2/2023,,
90,C088,41,3,9/11/2023,20:54:16,18/11/2023,17:48:35,Shahjahanpur,Diwali,9/11/2023,18/11/2023,,
91,C061,6,2,2/27/2023,13:52:56,5/3/2023,13:23:25,Mahbubnagar,Holi,27/2/2023,5/3/2023,,
92,C100,18,5,5/15/2023,0:11:18,25/5/2023,11:17:55,Rohtak,Birthday,15/5/2023,25/5/2023,,
93,C047,24,4,1/5/2023,17:50:59,3/5/2023,18:35:56,Warangal,Birthday,1/5/2023,3/5/2023,,
94,C099,69,5,2/3/2023,14:51:08,11/3/2023,8:14:49,Purnia,Holi,2/3/2023,11/3/2023,,
95,C039,70,4,5/29/2023,7:54:41,3/6/2023,7:16:33,Narasaraopet,Birthday,29/5/2023,3/6/2023,,
96,C099,25,3,3/14/2023,15:00:21,23/3/2023,8:56:06,Latur,Anniversary,14/3/2023,23/3/2023,,
97,C041,41,1,3/11/2023,20:11:32,8/11/2023,1:35:25,Bhavnagar,Diwali,3/11/2023,8/11/2023,,
98,C031,8,1,10/30/2023,15:26:00,1/11/2023,16:34:28,Bulandshahr,Anniversary,30/10/2023,1/11/2023,,
99,C050,38,3,4/11/2023,14:00:46,5/11/2023,15:44:38,Burhanpur,Birthday,4/11/2023,5/11/2023,,
100,C055,42,5,9/5/2023,5:50:07,17/5/2023,5:30:26,Bhiwani,All Occasions,9/5/2023,17/5/2023,,
101,C064,70,4,6/19/2023,3:56:52,21/6/2023,6:18:37,Belgaum,Birthday,19/6/2023,21/6/2023,,
102,C081,10,3,10/28/2023,19:34:14,6/11/2023,7:06:35,Ozhukarai,Birthday,28/10/2023,6/11/2023,,
103,C097,18,3,1/2/2023,12:24:59,8/2/2023,22:51:39,Ichalkaranji,Birthday,1/2/2023,8/2/2023,,
104,C082,51,3,12/29/2023,1:45:29,5/1/2024,0:15:28,Ahmednagar,All Occasions,29/12/2023,5/1/2024,,
105,C063,36,2,11/2/2023,2:57:36,21/2/2023,1:34:10,Guna,Birthday,11/2/2023,21/2/2023,,
106,C095,41,2,6/11/2023,17:55:46,8/11/2023,23:00:28,Chinsurah,Diwali,6/11/2023,8/11/2023,,
107,C041,4,3,6/11/2023,10:18:07,12/11/2023,14:20:21,Gorakhpur,Diwali,6/11/2023,12/11/2023,,
108,C012,26,4,2/27/2023,9:03:26,5/3/2023,8:03:05,Berhampore,Holi,27/2/2023,5/3/2023,,
109,C074,50,5,2/27/2023,15:35:48,1/3/2023,8:38:56,Gandhidham,Holi,27/2/2023,1/3/2023,,
110,C075,26,2,4/3/2023,11:23:44,13/3/2023,8:27:31,Kishanganj,Holi,4/3/2023,13/3/2023,,
111,C009,8,3,6/21/2023,14:18:57,25/6/2023,21:03:57,Ramgarh,Anniversary,21/6/2023,25/6/2023,,
112,C023,37,3,11/11/2023,6:36:04,14/11/2023,15:50:59,Kochi,Diwali,11/11/2023,14/11/2023,,
113,C032,1,3,11/14/2023,15:30:30,23/11/2023,4:26:47,Bulandshahr,All Occasions,14/11/2023,23/11/2023,,
114,C009,40,4,3/2/2023,16:03:15,7/2/2023,2:22:48,Kirari Suleman Nagar,Anniversary,3/2/2023,7/2/2023,,
115,C095,57,1,4/28/2023,18:11:22,5/5/2023,11:36:31,Jhansi,Birthday,28/4/2023,5/5/2023,,
116,C009,4,3,11/11/2023,14:28:05,20/11/2023,5:25:26,Howrah,Diwali,11/11/2023,20/11/2023,,
117,C033,59,3,8/20/2023,18:50:05,22/8/2023,3:43:01,Loni,Raksha Bandhan,20/8/2023,22/8/2023,,
118,C035,62,1,2/27/2023,14:30:59,5/3/2023,10:32:52,Bhavnagar,Holi,27/2/2023,5/3/2023,,
119,C010,6,4,4/3/2023,11:02:10,12/3/2023,12:22:18,Fatehpur,Holi,4/3/2023,12/3/2023,,
120,C050,61,1,12/25/2023,22:26:37,31/12/2023,9:57:24,Kalyan-Dombivli,Anniversary,25/12/2023,31/12/2023,,
121,C048,33,3,5/2/2023,2:18:55,9/2/2023,7:29:31,Guntur,Valentine's Day,5/2/2023,9/2/2023,,
122,C083,24,5,3/10/2023,9:04:23,13/10/2023,3:15:14,Gulbarga,Birthday,3/10/2023,13/10/2023,,
123,C026,38,1,1/15/2023,0:31:09,25/1/2023,4:58:43,Malegaon,Birthday,15/1/2023,25/1/2023,,
124,C030,67,4,7/21/2023,8:44:55,23/7/2023,5:23:44,Bhilwara,Anniversary,21/7/2023,23/7/2023,,
125,C020,31,2,3/19/2023,9:12:11,25/3/2023,14:36:11,Kolkata,All Occasions,19/3/2023,25/3/2023,,
126,C040,19,5,4/2/2023,2:28:24,13/2/2023,13:16:38,Dharmavaram,Valentine's Day,4/2/2023,13/2/2023,,
127,C051,60,4,2/11/2023,14:04:38,3/11/2023,19:25:01,Dhanbad,Diwali,2/11/2023,3/11/2023,,
128,C065,12,3,6/3/2023,16:50:28,13/3/2023,15:11:19,Kochi,Anniversary,6/3/2023,13/3/2023,,
129,C051,67,2,2/17/2023,5:21:30,20/2/2023,8:17:32,Ramgarh,Anniversary,17/2/2023,20/2/2023,,
130,C070,10,5,4/22/2023,13:32:41,27/4/2023,22:01:54,Darbhanga,Birthday,22/4/2023,27/4/2023,,
131,C078,3,5,4/2/2023,20:30:50,11/2/2023,8:29:03,Satara,Valentine's Day,4/2/2023,11/2/2023,,
132,C045,49,4,4/2/2023,23:23:41,13/2/2023,19:55:48,Thoothukudi,Valentine's Day,4/2/2023,13/2/2023,,
133,C018,43,5,10/11/2023,15:51:54,16/11/2023,11:22:51,Tiruppur,Diwali,10/11/2023,16/11/2023,,
134,C036,69,5,5/3/2023,19:12:46,14/3/2023,4:58:29,Malda,Holi,5/3/2023,14/3/2023,,
135,C087,30,2,12/13/2023,10:20:09,14/12/2023,15:43:20,Bokaro,Anniversary,13/12/2023,14/12/2023,,
136,C036,56,1,5/9/2023,16:08:59,9/9/2023,22:12:18,Guna,Anniversary,5/9/2023,9/9/2023,,
137,C070,47,2,5/3/2023,16:06:24,11/3/2023,7:29:21,Warangal,Holi,5/3/2023,11/3/2023,,
138,C022,57,4,11/3/2023,9:33:56,18/3/2023,6:02:40,Siliguri,Birthday,11/3/2023,18/3/2023,,
139,C055,54,4,11/5/2023,4:14:45,16/5/2023,18:12:44,Amritsar,Anniversary,11/5/2023,16/5/2023,,
140,C015,47,1,4/3/2023,6:19:35,13/3/2023,21:29:35,Bharatpur,Holi,4/3/2023,13/3/2023,,
141,C062,35,4,2/28/2023,3:55:06,10/3/2023,2:31:56,Allahabad,Holi,28/2/2023,10/3/2023,,
142,C029,23,2,10/23/2023,2:31:13,27/10/2023,4:24:16,Bharatpur,Anniversary,23/10/2023,27/10/2023,,
143,C087,66,2,2/28/2023,7:37:18,10/3/2023,14:49:54,Ramagundam,Holi,28/2/2023,10/3/2023,,
144,C090,51,5,1/18/2023,9:01:03,23/1/2023,3:23:15,Srinagar,All Occasions,18/1/2023,23/1/2023,,
145,C055,59,5,8/29/2023,16:52:56,3/9/2023,13:04:25,Kumbakonam,Raksha Bandhan,29/8/2023,3/9/2023,,
146,C030,52,5,2/13/2023,18:23:55,16/2/2023,4:07:37,Vijayawada,Valentine's Day,13/2/2023,16/2/2023,,
147,C080,8,4,3/17/2023,19:28:15,23/3/2023,13:51:11,Jodhpur,Anniversary,17/3/2023,23/3/2023,,
148,C046,24,3,5/12/2023,2:09:08,7/12/2023,8:57:38,Gopalpur,Birthday,5/12/2023,7/12/2023,,
149,C008,5,3,6/10/2023,23:23:09,9/10/2023,20:09:12,Mangalore,All Occasions,6/10/2023,9/10/2023,,
150,C092,27,5,8/26/2023,7:18:17,29/8/2023,16:56:13,Bidar,Raksha Bandhan,26/8/2023,29/8/2023,,
151,C051,43,1,3/11/2023,21:42:26,10/11/2023,3:56:02,Jalna,Diwali,3/11/2023,10/11/2023,,
152,C084,51,2,2/27/2023,10:48:51,5/3/2023,16:39:22,Tiruppur,All Occasions,27/2/2023,5/3/2023,,
153,C094,16,4,4/3/2023,12:15:00,10/3/2023,6:04:43,Rewa,Holi,4/3/2023,10/3/2023,,
154,C049,45,5,11/21/2023,23:14:18,25/11/2023,2:04:59,Indore,Birthday,21/11/2023,25/11/2023,,
155,C023,23,3,1/5/2023,14:46:58,6/5/2023,0:00:30,Sambhal,Anniversary,1/5/2023,6/5/2023,,
156,C030,61,2,9/2/2023,8:20:50,12/2/2023,10:49:14,Ozhukarai,Anniversary,9/2/2023,12/2/2023,,
157,C019,35,3,2/26/2023,12:44:17,6/3/2023,11:35:44,Thiruvananthapuram,Holi,26/2/2023,6/3/2023,,
158,C007,35,2,3/3/2023,15:40:17,8/3/2023,2:53:01,Medininagar,Holi,3/3/2023,8/3/2023,,
159,C095,43,3,9/11/2023,21:31:39,11/11/2023,4:55:56,Davanagere,Diwali,9/11/2023,11/11/2023,,
160,C037,36,3,2/6/2023,0:28:57,10/6/2023,7:52:59,Moradabad,Birthday,2/6/2023,10/6/2023,,
161,C054,58,3,2/13/2023,3:08:06,14/2/2023,23:12:01,Karaikudi,Valentine's Day,13/2/2023,14/2/2023,,
162,C050,55,3,8/27/2023,6:14:31,5/9/2023,15:53:45,Barasat,Raksha Bandhan,27/8/2023,5/9/2023,,
163,C083,54,4,2/17/2023,19:50:10,25/2/2023,10:20:16,Ujjain,Anniversary,17/2/2023,25/2/2023,,
164,C063,14,5,4/25/2023,2:04:02,27/4/2023,11:49:33,Berhampore,Birthday,25/4/2023,27/4/2023,,
165,C058,40,5,6/8/2023,13:11:16,10/8/2023,8:37:14,Lucknow,Anniversary,6/8/2023,10/8/2023,,
166,C035,4,3,7/11/2023,23:05:28,10/11/2023,6:12:46,Madanapalle,Diwali,7/11/2023,10/11/2023,,
167,C019,37,4,4/11/2023,1:26:51,7/11/2023,15:16:27,Nangloi Jat,Diwali,4/11/2023,7/11/2023,,
168,C092,35,2,4/3/2023,15:36:03,7/3/2023,11:02:42,Bidar,Holi,4/3/2023,7/3/2023,,
169,C051,3,2,6/2/2023,10:28:57,16/2/2023,1:26:19,Shivpuri,Valentine's Day,6/2/2023,16/2/2023,,
170,C040,32,2,3/21/2023,11:58:13,27/3/2023,5:14:07,Kamarhati,Birthday,21/3/2023,27/3/2023,,
171,C071,54,3,6/30/2023,11:47:49,8/7/2023,12:27:06,Tiruvottiyur,Anniversary,30/6/2023,8/7/2023,,
172,C070,62,4,3/3/2023,4:40:04,8/3/2023,5:12:47,Patiala,Holi,3/3/2023,8/3/2023,,
173,C072,58,2,7/2/2023,23:15:37,13/2/2023,1:51:53,Deoghar,Valentine's Day,7/2/2023,13/2/2023,,
174,C048,4,3,3/11/2023,15:39:20,13/11/2023,18:06:46,Malda,Diwali,3/11/2023,13/11/2023,,
175,C042,31,1,10/13/2023,1:17:47,20/10/2023,7:22:52,Navi Mumbai,All Occasions,13/10/2023,20/10/2023,,
176,C039,17,2,10/3/2023,3:34:46,16/3/2023,17:24:51,Moradabad,Anniversary,10/3/2023,16/3/2023,,
177,C085,62,4,5/3/2023,1:49:12,7/3/2023,14:50:42,Satara,Holi,5/3/2023,7/3/2023,,
178,C097,61,1,11/14/2023,23:04:31,16/11/2023,2:14:23,Bhilai,Anniversary,14/11/2023,16/11/2023,,
179,C078,47,3,2/28/2023,15:16:02,10/3/2023,14:31:07,Vijayanagaram,Holi,28/2/2023,10/3/2023,,
180,C058,55,2,8/24/2023,16:40:33,27/8/2023,8:45:14,Nellore,Raksha Bandhan,24/8/2023,27/8/2023,,
181,C064,10,4,8/28/2023,5:55:22,6/9/2023,4:53:28,Howrah,Birthday,28/8/2023,6/9/2023,,
182,C070,2,1,8/2/2023,23:21:30,15/2/2023,6:07:33,Chennai,Valentine's Day,8/2/2023,15/2/2023,,
183,C082,48,3,9/11/2023,18:11:41,11/11/2023,15:29:26,Bahraich,Diwali,9/11/2023,11/11/2023,,
184,C027,52,3,11/2/2023,21:34:53,20/2/2023,5:00:29,Dharmavaram,Valentine's Day,11/2/2023,20/2/2023,,
185,C068,18,1,7/5/2023,7:10:45,17/5/2023,20:00:43,Raurkela Industrial Township,Birthday,7/5/2023,17/5/2023,,
186,C048,61,1,9/5/2023,9:09:44,11/5/2023,0:16:23,Kollam,Anniversary,9/5/2023,11/5/2023,,
187,C008,49,5,11/2/2023,21:10:41,16/2/2023,9:34:09,Anantapur,Valentine's Day,11/2/2023,16/2/2023,,
188,C067,22,5,9/18/2023,1:38:33,25/9/2023,14:02:12,Serampore,All Occasions,18/9/2023,25/9/2023,,
189,C016,57,1,11/19/2023,17:22:19,22/11/2023,13:21:54,Srikakulam,Birthday,19/11/2023,22/11/2023,,
190,C096,60,5,9/11/2023,12:33:49,13/11/2023,13:41:24,Darbhanga,Diwali,9/11/2023,13/11/2023,,
191,C012,24,3,12/10/2023,18:13:06,17/10/2023,8:50:02,Etawah,Birthday,12/10/2023,17/10/2023,,
192,C060,64,5,8/20/2023,12:28:32,21/8/2023,2:11:18,Vijayanagaram,Raksha Bandhan,20/8/2023,21/8/2023,,
193,C038,42,4,8/16/2023,23:44:29,19/8/2023,2:34:02,Nanded,All Occasions,16/8/2023,19/8/2023,,
194,C030,58,4,8/2/2023,11:41:29,9/2/2023,4:54:30,Pondicherry,Valentine's Day,8/2/2023,9/2/2023,,
195,C037,67,5,10/4/2023,5:33:53,17/4/2023,7:51:40,Jamalpur,Anniversary,10/4/2023,17/4/2023,,
196,C063,30,2,5/8/2023,9:37:50,13/8/2023,8:58:06,Begusarai,Anniversary,5/8/2023,13/8/2023,,
197,C095,45,2,3/22/2023,18:38:42,26/3/2023,3:30:06,Etawah,Birthday,22/3/2023,26/3/2023,,
198,C090,24,2,8/27/2023,22:33:37,4/9/2023,1:09:50,Phagwara,Birthday,27/8/2023,4/9/2023,,
199,C093,70,5,8/16/2023,1:54:30,19/8/2023,16:24:59,Bareilly,Birthday,16/8/2023,19/8/2023,,
200,C067,23,5,3/1/2023,20:04:16,8/1/2023,23:18:52,Agartala,Anniversary,3/1/2023,8/1/2023,,
201,C004,55,4,8/24/2023,4:40:14,30/8/2023,3:52:28,Dewas,Raksha Bandhan,24/8/2023,30/8/2023,,
202,C089,36,5,7/27/2023,8:13:48,1/8/2023,3:02:01,Bhimavaram,Birthday,27/7/2023,1/8/2023,,
203,C039,9,5,8/29/2023,5:39:00,8/9/2023,22:40:14,Vijayanagaram,Raksha Bandhan,29/8/2023,8/9/2023,,
204,C062,10,4,3/7/2023,10:46:43,9/7/2023,6:29:03,Jaipur,Birthday,3/7/2023,9/7/2023,,
205,C022,46,5,6/7/2023,5:17:21,9/7/2023,11:47:12,Davanagere,Anniversary,6/7/2023,9/7/2023,,
206,C099,68,3,11/2/2023,22:12:16,13/2/2023,12:42:01,Ulhasnagar,Valentine's Day,11/2/2023,13/2/2023,,
207,C078,6,2,5/3/2023,1:13:16,7/3/2023,12:15:56,Amravati,Holi,5/3/2023,7/3/2023,,
208,C001,18,5,2/4/2023,4:30:47,12/4/2023,7:06:36,Kulti,Birthday,2/4/2023,12/4/2023,,
209,C071,70,2,6/22/2023,0:44:32,23/6/2023,21:44:32,Hajipur,Birthday,22/6/2023,23/6/2023,,
210,C095,32,4,10/12/2023,0:46:32,15/12/2023,8:02:35,Aligarh,Birthday,10/12/2023,15/12/2023,,
211,C043,31,5,10/22/2023,18:14:59,29/10/2023,17:40:03,Orai,All Occasions,22/10/2023,29/10/2023,,
212,C093,7,2,2/28/2023,7:14:40,5/3/2023,20:01:45,Ozhukarai,Holi,28/2/2023,5/3/2023,,
213,C022,42,5,2/14/2023,8:26:18,24/2/2023,8:58:11,Dehradun,All Occasions,14/2/2023,24/2/2023,,
214,C099,13,3,1/3/2023,7:49:55,7/3/2023,8:27:25,Durgapur,Holi,1/3/2023,7/3/2023,,
215,C098,17,1,5/21/2023,3:54:26,24/5/2023,12:37:34,Katni,Anniversary,21/5/2023,24/5/2023,,
216,C004,23,1,3/10/2023,15:46:35,8/10/2023,20:46:28,Bhatpara,Anniversary,3/10/2023,8/10/2023,,
217,C042,53,4,8/27/2023,3:04:34,30/8/2023,16:42:19,Rajkot,Raksha Bandhan,27/8/2023,30/8/2023,,
218,C061,31,4,6/13/2023,22:55:11,16/6/2023,3:06:01,Gurgaon,All Occasions,13/6/2023,16/6/2023,,
219,C027,16,5,5/3/2023,0:36:07,11/3/2023,10:36:05,Bhimavaram,Holi,5/3/2023,11/3/2023,,
220,C001,26,3,6/3/2023,12:26:54,15/3/2023,14:41:52,Jalandhar,Holi,6/3/2023,15/3/2023,,
221,C076,28,4,8/21/2023,2:11:04,30/8/2023,14:00:35,Naihati,Raksha Bandhan,21/8/2023,30/8/2023,,
222,C099,6,5,2/26/2023,5:57:25,7/3/2023,18:20:50,Guntur,Holi,26/2/2023,7/3/2023,,
223,C051,49,2,5/2/2023,8:44:25,13/2/2023,10:17:59,Bhalswa Jahangir Pur,Valentine's Day,5/2/2023,13/2/2023,,
224,C028,34,1,8/24/2023,21:01:58,29/8/2023,2:06:40,Suryapet,Raksha Bandhan,24/8/2023,29/8/2023,,
225,C093,52,5,5/2/2023,12:12:26,6/2/2023,18:01:06,Arrah,Valentine's Day,5/2/2023,6/2/2023,,
226,C064,14,2,8/9/2023,8:48:50,12/9/2023,11:20:36,Hospet,Birthday,8/9/2023,12/9/2023,,
227,C004,24,4,12/25/2023,18:50:42,26/12/2023,14:09:44,Surat,Birthday,25/12/2023,26/12/2023,,
228,C035,36,1,10/3/2023,18:40:52,11/3/2023,10:30:00,Bijapur,Birthday,10/3/2023,11/3/2023,,
229,C079,49,3,11/2/2023,20:55:38,20/2/2023,9:32:50,Junagadh,Valentine's Day,11/2/2023,20/2/2023,,
230,C053,64,3,8/27/2023,8:27:50,1/9/2023,1:35:49,Mehsana,Raksha Bandhan,27/8/2023,1/9/2023,,
231,C093,64,3,8/24/2023,9:15:18,28/8/2023,21:13:01,Proddatur,Raksha Bandhan,24/8/2023,28/8/2023,,
232,C044,28,3,8/22/2023,12:06:09,23/8/2023,9:00:02,Nadiad,Raksha Bandhan,22/8/2023,23/8/2023,,
233,C098,64,4,8/26/2023,22:15:19,30/8/2023,4:07:39,Nizamabad,Raksha Bandhan,26/8/2023,30/8/2023,,
234,C097,42,1,3/24/2023,21:18:12,1/4/2023,0:36:53,Khandwa,All Occasions,24/3/2023,1/4/2023,,
235,C071,56,2,2/26/2023,14:26:46,3/3/2023,23:26:23,Bhilai,Anniversary,26/2/2023,3/3/2023,,
236,C044,23,5,3/9/2023,6:33:52,11/9/2023,2:10:18,Panvel,Anniversary,3/9/2023,11/9/2023,,
237,C024,55,1,8/26/2023,9:23:53,30/8/2023,8:19:20,Sasaram,Raksha Bandhan,26/8/2023,30/8/2023,,
238,C083,26,4,5/3/2023,7:56:43,11/3/2023,20:18:17,Jammu,Holi,5/3/2023,11/3/2023,,
239,C088,27,3,8/29/2023,8:33:45,6/9/2023,13:23:08,Gurgaon,Raksha Bandhan,29/8/2023,6/9/2023,,
240,C074,5,5,3/25/2023,6:03:38,30/3/2023,15:43:28,Darbhanga,All Occasions,25/3/2023,30/3/2023,,
241,C067,20,2,5/9/2023,9:52:16,7/9/2023,8:58:21,Indore,Anniversary,5/9/2023,7/9/2023,,
242,C012,21,1,8/23/2023,10:24:46,31/8/2023,16:02:32,Amroha,Raksha Bandhan,23/8/2023,31/8/2023,,
243,C043,3,1,5/2/2023,20:50:37,10/2/2023,12:30:54,Siwan,Valentine's Day,5/2/2023,10/2/2023,,
244,C041,65,3,3/20/2023,15:06:01,30/3/2023,7:06:40,Guntakal,All Occasions,20/3/2023,30/3/2023,,
245,C020,50,3,5/3/2023,6:25:26,11/3/2023,9:30:30,Noida,Holi,5/3/2023,11/3/2023,,
246,C017,69,5,2/28/2023,23:24:33,8/3/2023,0:38:49,Agra,Holi,28/2/2023,8/3/2023,,
247,C052,23,4,11/10/2023,5:58:48,16/10/2023,2:58:46,Gudivada,Anniversary,11/10/2023,16/10/2023,,
248,C044,19,5,8/2/2023,8:43:41,10/2/2023,4:15:01,Alwar,Valentine's Day,8/2/2023,10/2/2023,,
249,C003,14,2,10/9/2023,22:22:16,19/9/2023,23:17:36,Bareilly,Birthday,10/9/2023,19/9/2023,,
250,C086,37,5,8/11/2023,15:07:27,9/11/2023,1:32:06,Korba,Diwali,8/11/2023,9/11/2023,,
251,C051,7,4,2/28/2023,0:31:48,2/3/2023,0:19:44,Khora ,Holi,28/2/2023,2/3/2023,,
252,C040,69,2,2/26/2023,5:41:28,28/2/2023,8:11:16,Nandyal,Holi,26/2/2023,28/2/2023,,
253,C010,68,2,12/2/2023,14:24:46,14/2/2023,5:39:27,Bangalore,Valentine's Day,12/2/2023,14/2/2023,,
254,C093,1,5,7/7/2023,0:09:44,15/7/2023,5:27:49,Bhilai,All Occasions,7/7/2023,15/7/2023,,
255,C092,45,2,12/27/2023,3:42:35,6/1/2024,9:23:14,Suryapet,Birthday,27/12/2023,6/1/2024,,
256,C065,4,5,6/11/2023,19:13:49,14/11/2023,18:05:55,Suryapet,Diwali,6/11/2023,14/11/2023,,
257,C077,21,3,8/22/2023,15:42:59,24/8/2023,22:39:39,Chinsurah,Raksha Bandhan,22/8/2023,24/8/2023,,
258,C044,46,5,4/16/2023,5:40:39,20/4/2023,20:05:32,Vijayawada,Anniversary,16/4/2023,20/4/2023,,
259,C001,62,1,5/3/2023,15:21:54,10/3/2023,0:04:01,Sirsa,Holi,5/3/2023,10/3/2023,,
260,C100,69,5,6/3/2023,13:06:11,16/3/2023,22:22:30,Satara,Holi,6/3/2023,16/3/2023,,
261,C041,37,3,6/11/2023,14:03:50,12/11/2023,20:17:47,Malegaon,Diwali,6/11/2023,12/11/2023,,
262,C038,49,3,7/2/2023,8:05:16,11/2/2023,1:06:57,Tirunelveli,Valentine's Day,7/2/2023,11/2/2023,,
263,C081,57,4,12/3/2023,9:35:10,13/3/2023,15:22:01,Chittoor,Birthday,12/3/2023,13/3/2023,,
264,C010,52,3,9/2/2023,5:35:19,18/2/2023,15:43:46,Asansol,Valentine's Day,9/2/2023,18/2/2023,,
265,C060,58,1,10/2/2023,21:17:18,18/2/2023,6:28:33,Gudivada,Valentine's Day,10/2/2023,18/2/2023,,
266,C038,36,1,12/5/2023,13:46:56,13/5/2023,19:20:09,Sonipat,Birthday,12/5/2023,13/5/2023,,
267,C055,35,3,4/3/2023,13:38:57,12/3/2023,3:52:00,Chandrapur,Holi,4/3/2023,12/3/2023,,
268,C053,38,1,8/14/2023,7:45:59,23/8/2023,16:53:30,Katni,Birthday,14/8/2023,23/8/2023,,
269,C024,36,1,10/25/2023,1:12:12,26/10/2023,17:58:13,Raebareli,Birthday,25/10/2023,26/10/2023,,
270,C084,21,5,8/22/2023,20:21:29,1/9/2023,16:03:59,Avadi,Raksha Bandhan,22/8/2023,1/9/2023,,
271,C039,36,5,6/23/2023,18:27:42,30/6/2023,18:20:05,Patna,Birthday,23/6/2023,30/6/2023,,
272,C016,12,1,8/4/2023,9:40:05,18/4/2023,20:13:56,Kumbakonam,Anniversary,8/4/2023,18/4/2023,,
273,C047,10,2,11/22/2023,16:12:35,24/11/2023,1:52:48,Moradabad,Birthday,22/11/2023,24/11/2023,,
274,C078,41,5,2/11/2023,6:37:51,12/11/2023,20:53:36,Raebareli,Diwali,2/11/2023,12/11/2023,,
275,C028,29,1,2/3/2023,4:13:47,5/3/2023,1:17:39,Ranchi,Holi,2/3/2023,5/3/2023,,
276,C065,15,2,5/28/2023,1:34:06,1/6/2023,7:05:33,Muzaffarpur,Anniversary,28/5/2023,1/6/2023,,
277,C062,34,5,8/23/2023,19:16:40,29/8/2023,15:50:18,Bhilai,Raksha Bandhan,23/8/2023,29/8/2023,,
278,C044,1,2,6/20/2023,23:33:52,24/6/2023,5:42:44,Ballia,All Occasions,20/6/2023,24/6/2023,,
279,C067,23,4,11/24/2023,9:14:46,26/11/2023,17:51:23,Chinsurah,Anniversary,24/11/2023,26/11/2023,,
280,C003,19,3,7/2/2023,17:44:47,12/2/2023,16:31:05,Mangalore,Valentine's Day,7/2/2023,12/2/2023,,
281,C008,15,3,9/21/2023,20:36:47,25/9/2023,10:27:14,Nellore,Anniversary,21/9/2023,25/9/2023,,
282,C092,41,2,11/11/2023,10:20:49,19/11/2023,22:11:40,Mangalore,Diwali,11/11/2023,19/11/2023,,
283,C086,23,2,11/23/2023,2:51:34,30/11/2023,18:21:40,Erode,Anniversary,23/11/2023,30/11/2023,,
284,C057,17,1,10/8/2023,16:13:04,16/8/2023,11:21:57,Aurangabad,Anniversary,10/8/2023,16/8/2023,,
285,C082,7,5,2/26/2023,17:26:44,1/3/2023,12:52:20,Tirunelveli,Holi,26/2/2023,1/3/2023,,
286,C098,50,3,6/3/2023,20:05:40,12/3/2023,2:41:27,Mango,Holi,6/3/2023,12/3/2023,,
287,C011,7,5,3/3/2023,4:54:04,6/3/2023,15:39:57,Muzaffarnagar,Holi,3/3/2023,6/3/2023,,
288,C035,34,2,8/21/2023,15:58:58,23/8/2023,20:42:36,Ballia,Raksha Bandhan,21/8/2023,23/8/2023,,
289,C018,30,4,8/29/2023,23:40:01,6/9/2023,2:50:06,Imphal,Anniversary,29/8/2023,6/9/2023,,
290,C079,69,3,6/3/2023,10:27:18,10/3/2023,14:33:34,Alwar,Holi,6/3/2023,10/3/2023,,
291,C072,49,2,10/2/2023,0:12:40,11/2/2023,22:52:51,Nadiad,Valentine's Day,10/2/2023,11/2/2023,,
292,C053,54,1,9/27/2023,22:43:35,3/10/2023,1:44:47,Howrah,Anniversary,27/9/2023,3/10/2023,,
293,C003,1,4,4/9/2023,4:03:47,9/9/2023,18:10:36,Tezpur,All Occasions,4/9/2023,9/9/2023,,
294,C047,26,5,1/3/2023,21:04:18,3/3/2023,19:44:54,Nagpur,Holi,1/3/2023,3/3/2023,,
295,C079,18,1,5/29/2023,15:54:09,2/6/2023,10:06:42,Tadepalligudem,Birthday,29/5/2023,2/6/2023,,
296,C081,70,5,1/4/2023,11:55:14,11/4/2023,19:33:46,Tirunelveli,Birthday,1/4/2023,11/4/2023,,
297,C047,13,3,2/28/2023,20:15:29,5/3/2023,20:52:27,Phagwara,Holi,28/2/2023,5/3/2023,,
298,C057,3,1,11/2/2023,23:06:29,12/2/2023,2:17:43,Bahraich,Valentine's Day,11/2/2023,12/2/2023,,
299,C091,8,5,8/11/2023,11:51:21,17/11/2023,13:17:51,Vellore,Anniversary,8/11/2023,17/11/2023,,
300,C032,22,1,8/29/2023,19:20:05,8/9/2023,18:25:16,Tinsukia,All Occasions,29/8/2023,8/9/2023,,
301,C070,6,3,2/27/2023,6:24:22,4/3/2023,16:52:16,Kota,Holi,27/2/2023,4/3/2023,,
302,C071,25,4,10/24/2023,13:53:05,25/10/2023,17:13:25,Dhanbad,Anniversary,24/10/2023,25/10/2023,,
303,C051,14,1,11/20/2023,6:42:57,29/11/2023,7:08:02,Narasaraopet,Birthday,20/11/2023,29/11/2023,,
304,C088,67,3,12/3/2023,9:24:28,19/3/2023,23:09:37,Tiruchirappalli,Anniversary,12/3/2023,19/3/2023,,
305,C003,26,1,2/3/2023,0:10:44,10/3/2023,14:01:05,Lucknow,Holi,2/3/2023,10/3/2023,,
306,C085,49,4,4/2/2023,11:35:51,12/2/2023,6:38:00,Bellary,Valentine's Day,4/2/2023,12/2/2023,,
307,C042,3,1,4/2/2023,21:37:54,8/2/2023,11:28:10,Durgapur,Valentine's Day,4/2/2023,8/2/2023,,
308,C005,57,1,9/3/2023,7:54:11,12/3/2023,12:11:24,Haldia,Birthday,9/3/2023,12/3/2023,,
309,C071,60,4,10/11/2023,6:38:43,13/11/2023,5:14:33,Mangalore,Diwali,10/11/2023,13/11/2023,,
310,C061,38,3,8/20/2023,12:24:22,24/8/2023,15:42:48,Bhalswa Jahangir Pur,Birthday,20/8/2023,24/8/2023,,
311,C051,39,2,2/9/2023,9:26:47,12/9/2023,17:51:43,Mehsana,All Occasions,2/9/2023,12/9/2023,,
312,C044,9,1,8/22/2023,18:27:36,27/8/2023,6:01:14,Akola,Raksha Bandhan,22/8/2023,27/8/2023,,
313,C056,30,2,7/22/2023,19:24:29,26/7/2023,6:06:13,Thane,Anniversary,22/7/2023,26/7/2023,,
314,C029,43,4,5/11/2023,11:48:41,15/11/2023,4:55:25,Patiala,Diwali,5/11/2023,15/11/2023,,
315,C063,26,5,6/3/2023,14:21:31,9/3/2023,19:20:21,Ambattur,Holi,6/3/2023,9/3/2023,,
316,C048,2,5,11/2/2023,21:35:05,15/2/2023,7:21:50,Muzaffarnagar,Valentine's Day,11/2/2023,15/2/2023,,
317,C014,29,3,7/3/2023,18:51:27,15/3/2023,16:12:50,Ahmednagar,Holi,7/3/2023,15/3/2023,,
318,C038,26,5,7/3/2023,12:15:49,11/3/2023,15:59:47,Hosur,Holi,7/3/2023,11/3/2023,,
319,C044,64,1,8/20/2023,6:23:07,26/8/2023,22:44:23,Bikaner,Raksha Bandhan,20/8/2023,26/8/2023,,
320,C007,13,1,1/3/2023,7:49:55,8/3/2023,8:38:21,Bijapur,Holi,1/3/2023,8/3/2023,,
321,C049,12,5,8/3/2023,11:27:05,17/3/2023,9:51:43,Rampur,Anniversary,8/3/2023,17/3/2023,,
322,C056,15,1,11/4/2023,8:32:11,15/4/2023,3:30:27,Udaipur,Anniversary,11/4/2023,15/4/2023,,
323,C013,23,2,9/2/2023,18:13:04,10/2/2023,10:22:35,Khora ,Anniversary,9/2/2023,10/2/2023,,
324,C073,14,2,2/2/2023,18:47:28,11/2/2023,15:34:54,North Dumdum,Birthday,2/2/2023,11/2/2023,,
325,C091,27,5,8/25/2023,18:30:45,4/9/2023,20:02:37,Amritsar,Raksha Bandhan,25/8/2023,4/9/2023,,
326,C088,34,3,8/27/2023,15:39:05,3/9/2023,15:33:32,Panchkula,Raksha Bandhan,27/8/2023,3/9/2023,,
327,C048,51,1,9/24/2023,9:29:05,26/9/2023,20:09:05,Muzaffarnagar,All Occasions,24/9/2023,26/9/2023,,
328,C024,23,3,4/17/2023,17:51:38,22/4/2023,8:59:18,Maheshtala,Anniversary,17/4/2023,22/4/2023,,
329,C095,17,3,8/26/2023,2:22:03,4/9/2023,3:08:52,Nashik,Anniversary,26/8/2023,4/9/2023,,
330,C059,59,2,8/24/2023,20:25:09,1/9/2023,12:26:20,Shahjahanpur,Raksha Bandhan,24/8/2023,1/9/2023,,
331,C023,41,5,4/11/2023,21:49:56,5/11/2023,14:13:32,Patna,Diwali,4/11/2023,5/11/2023,,
332,C052,20,5,11/4/2023,20:14:13,18/4/2023,14:10:44,Khammam,Anniversary,11/4/2023,18/4/2023,,
333,C100,22,5,9/2/2023,6:19:15,10/2/2023,3:46:29,South Dumdum,All Occasions,9/2/2023,10/2/2023,,
334,C066,53,1,8/28/2023,21:19:46,1/9/2023,22:03:03,Patiala,Raksha Bandhan,28/8/2023,1/9/2023,,
335,C013,17,2,6/11/2023,2:09:35,8/11/2023,2:23:24,Sri Ganganagar,Anniversary,6/11/2023,8/11/2023,,
336,C069,53,1,8/20/2023,4:32:24,25/8/2023,19:54:17,Tiruchirappalli,Raksha Bandhan,20/8/2023,25/8/2023,,
337,C008,24,3,5/16/2023,14:21:12,22/5/2023,20:26:13,Siwan,Birthday,16/5/2023,22/5/2023,,
338,C087,21,3,8/20/2023,14:15:51,28/8/2023,1:34:07,Panchkula,Raksha Bandhan,20/8/2023,28/8/2023,,
339,C083,8,1,9/20/2023,20:07:19,29/9/2023,10:50:19,Sirsa,Anniversary,20/9/2023,29/9/2023,,
340,C076,38,3,7/14/2023,7:53:01,22/7/2023,2:56:01,Davanagere,Birthday,14/7/2023,22/7/2023,,
341,C028,9,2,8/20/2023,14:54:35,30/8/2023,22:32:13,Ongole,Raksha Bandhan,20/8/2023,30/8/2023,,
342,C062,36,5,3/11/2023,4:03:43,8/11/2023,16:26:16,Salem,Birthday,3/11/2023,8/11/2023,,
343,C006,66,3,6/3/2023,14:12:40,9/3/2023,9:27:05,Parbhani,Holi,6/3/2023,9/3/2023,,
344,C020,28,5,8/29/2023,17:06:22,3/9/2023,6:28:07,Tiruvottiyur,Raksha Bandhan,29/8/2023,3/9/2023,,
345,C056,45,4,9/15/2023,15:40:42,23/9/2023,23:11:31,Bellary,Birthday,15/9/2023,23/9/2023,,
346,C090,50,1,4/3/2023,23:24:17,12/3/2023,16:46:34,Pondicherry,Holi,4/3/2023,12/3/2023,,
347,C034,34,2,8/29/2023,9:46:21,8/9/2023,8:37:09,Shimoga,Raksha Bandhan,29/8/2023,8/9/2023,,
348,C060,30,2,11/28/2023,20:33:37,7/12/2023,12:02:59,Kalyan-Dombivli,Anniversary,28/11/2023,7/12/2023,,
349,C017,44,4,11/11/2023,3:32:37,12/11/2023,10:31:13,Junagadh,Diwali,11/11/2023,12/11/2023,,
350,C020,19,3,2/13/2023,12:22:57,22/2/2023,16:26:10,Kolkata,Valentine's Day,13/2/2023,22/2/2023,,
351,C099,1,1,1/16/2023,15:11:07,25/1/2023,22:29:59,Bhilai,All Occasions,16/1/2023,25/1/2023,,
352,C080,28,1,8/23/2023,23:49:45,2/9/2023,9:14:52,Bellary,Raksha Bandhan,23/8/2023,2/9/2023,,
353,C089,55,2,8/21/2023,9:43:27,24/8/2023,14:12:14,Korba,Raksha Bandhan,21/8/2023,24/8/2023,,
354,C087,13,5,2/26/2023,17:25:28,6/3/2023,9:43:32,Narasaraopet,Holi,26/2/2023,6/3/2023,,
355,C099,10,1,12/24/2023,4:52:44,2/1/2024,9:38:33,Satara,Birthday,24/12/2023,2/1/2024,,
356,C028,14,1,8/7/2023,0:41:40,9/7/2023,4:31:42,Panvel,Birthday,8/7/2023,9/7/2023,,
357,C063,62,4,3/3/2023,20:01:18,13/3/2023,20:55:34,Kavali,Holi,3/3/2023,13/3/2023,,
358,C040,55,1,8/20/2023,16:53:29,25/8/2023,13:30:37,Secunderabad,Raksha Bandhan,20/8/2023,25/8/2023,,
359,C052,47,2,2/28/2023,12:13:36,5/3/2023,20:31:30,Nagpur,Holi,28/2/2023,5/3/2023,,
360,C099,41,1,6/11/2023,3:11:57,9/11/2023,17:45:31,Belgaum,Diwali,6/11/2023,9/11/2023,,
361,C049,47,4,3/3/2023,6:09:56,11/3/2023,8:33:10,Rajkot,Holi,3/3/2023,11/3/2023,,
362,C041,31,2,10/3/2023,3:40:01,17/3/2023,10:35:23,Nashik,All Occasions,10/3/2023,17/3/2023,,
363,C022,15,2,11/27/2023,19:01:01,5/12/2023,1:50:36,Bhavnagar,Anniversary,27/11/2023,5/12/2023,,
364,C003,43,3,8/11/2023,6:09:01,9/11/2023,4:37:33,Satara,Diwali,8/11/2023,9/11/2023,,
365,C028,8,5,1/6/2023,15:31:47,4/6/2023,10:15:29,Agra,Anniversary,1/6/2023,4/6/2023,,
366,C033,3,3,8/2/2023,23:15:47,16/2/2023,10:51:38,Kolkata,Valentine's Day,8/2/2023,16/2/2023,,
367,C010,47,5,3/3/2023,0:44:09,12/3/2023,15:05:03,South Dumdum,Holi,3/3/2023,12/3/2023,,
368,C042,6,3,4/3/2023,23:03:22,6/3/2023,2:52:10,Nashik,Holi,4/3/2023,6/3/2023,,
369,C014,63,3,7/8/2023,7:23:44,15/8/2023,4:28:30,Jammu,All Occasions,7/8/2023,15/8/2023,,
370,C073,54,2,9/7/2023,5:57:39,13/7/2023,19:01:40,Danapur,Anniversary,9/7/2023,13/7/2023,,
371,C090,23,4,5/15/2023,1:27:58,19/5/2023,10:28:47,Davanagere,Anniversary,15/5/2023,19/5/2023,,
372,C006,25,3,8/11/2023,19:04:25,18/11/2023,18:28:46,Kamarhati,Anniversary,8/11/2023,18/11/2023,,
373,C026,65,2,7/6/2023,20:49:11,10/6/2023,23:57:40,North Dumdum,All Occasions,7/6/2023,10/6/2023,,
374,C087,4,1,7/11/2023,7:47:32,9/11/2023,22:32:44,Guna,Diwali,7/11/2023,9/11/2023,,
375,C091,46,1,11/2/2023,4:16:25,20/2/2023,19:37:38,Mysore,Anniversary,11/2/2023,20/2/2023,,
376,C097,10,2,5/14/2023,20:18:32,19/5/2023,23:48:02,Bulandshahr,Birthday,14/5/2023,19/5/2023,,
377,C013,55,4,8/26/2023,8:34:06,31/8/2023,11:47:09,Ghaziabad,Raksha Bandhan,26/8/2023,31/8/2023,,
378,C040,6,2,1/3/2023,11:30:20,8/3/2023,19:26:52,Hindupur,Holi,1/3/2023,8/3/2023,,
379,C078,66,1,3/3/2023,23:31:41,6/3/2023,10:44:03,Bhavnagar,Holi,3/3/2023,6/3/2023,,
380,C009,60,4,8/11/2023,13:33:02,15/11/2023,23:40:37,Bidhannagar,Diwali,8/11/2023,15/11/2023,,
381,C013,25,3,1/25/2023,18:30:03,28/1/2023,6:21:06,Tiruchirappalli,Anniversary,25/1/2023,28/1/2023,,
382,C003,24,1,3/6/2023,10:02:19,13/6/2023,21:53:48,Kamarhati,Birthday,3/6/2023,13/6/2023,,
383,C016,37,1,6/11/2023,0:16:45,8/11/2023,20:09:52,Panchkula,Diwali,6/11/2023,8/11/2023,,
384,C004,25,3,11/5/2023,16:57:57,15/5/2023,13:57:13,Bhilai,Anniversary,11/5/2023,15/5/2023,,
385,C002,50,4,3/3/2023,1:16:01,8/3/2023,10:46:18,Alwar,Holi,3/3/2023,8/3/2023,,
386,C091,5,4,4/6/2023,12:47:45,14/6/2023,21:34:41,Jalandhar,All Occasions,4/6/2023,14/6/2023,,
387,C061,1,2,4/30/2023,5:38:25,9/5/2023,2:15:58,Ahmedabad,All Occasions,30/4/2023,9/5/2023,,
388,C066,36,2,10/11/2023,0:15:10,18/11/2023,10:37:06,Jalna,Birthday,10/11/2023,18/11/2023,,
389,C061,29,2,6/3/2023,3:26:18,16/3/2023,18:13:40,Mahbubnagar,Holi,6/3/2023,16/3/2023,,
390,C043,26,4,3/3/2023,15:40:56,10/3/2023,23:02:07,Akola,Holi,3/3/2023,10/3/2023,,
391,C083,22,4,12/29/2023,13:44:06,7/1/2024,12:58:41,Bareilly,All Occasions,29/12/2023,7/1/2024,,
392,C085,4,2,5/11/2023,3:18:55,6/11/2023,18:53:09,Gangtok,Diwali,5/11/2023,6/11/2023,,
393,C087,17,5,11/14/2023,11:01:18,22/11/2023,16:10:46,Solapur,Anniversary,14/11/2023,22/11/2023,,
394,C028,38,5,3/23/2023,4:26:37,31/3/2023,19:25:58,Dewas,Birthday,23/3/2023,31/3/2023,,
395,C067,26,2,3/3/2023,23:14:54,6/3/2023,18:32:37,Hosur,Holi,3/3/2023,6/3/2023,,
396,C068,10,5,3/15/2023,15:30:58,16/3/2023,1:45:01,Tiruvottiyur,Birthday,15/3/2023,16/3/2023,,
397,C034,4,5,9/11/2023,6:48:09,14/11/2023,13:32:34,Junagadh,Diwali,9/11/2023,14/11/2023,,
398,C080,54,1,5/5/2023,8:45:21,15/5/2023,10:01:43,Dehradun,Anniversary,5/5/2023,15/5/2023,,
399,C008,68,1,8/2/2023,6:21:47,15/2/2023,7:08:14,Bareilly,Valentine's Day,8/2/2023,15/2/2023,,
400,C083,45,3,7/5/2023,14:05:01,15/5/2023,18:10:53,Kumbakonam,Birthday,7/5/2023,15/5/2023,,
401,C089,9,5,8/29/2023,19:53:33,4/9/2023,7:19:07,Bharatpur,Raksha Bandhan,29/8/2023,4/9/2023,,
402,C037,29,1,5/3/2023,16:42:29,8/3/2023,13:32:50,Thrissur,Holi,5/3/2023,8/3/2023,,
403,C075,57,1,6/1/2023,11:45:28,16/1/2023,20:13:26,Chapra,Birthday,6/1/2023,16/1/2023,,
404,C055,21,5,8/22/2023,7:55:20,24/8/2023,22:27:19,South Dumdum,Raksha Bandhan,22/8/2023,24/8/2023,,
405,C033,49,1,10/2/2023,23:05:14,18/2/2023,14:47:38,Guwahati,Valentine's Day,10/2/2023,18/2/2023,,
406,C049,55,4,8/25/2023,15:59:17,2/9/2023,6:23:53,Srikakulam,Raksha Bandhan,25/8/2023,2/9/2023,,
407,C074,69,3,2/26/2023,8:52:11,28/2/2023,4:09:44,Jamalpur,Holi,26/2/2023,28/2/2023,,
408,C063,31,2,5/3/2023,12:19:26,11/3/2023,4:41:38,Haldia,All Occasions,5/3/2023,11/3/2023,,
409,C049,50,4,2/26/2023,17:43:59,28/2/2023,19:44:57,Khammam,Holi,26/2/2023,28/2/2023,,
410,C025,24,1,1/1/2023,20:20:49,2/1/2023,5:57:06,Surendranagar Dudhrej,Birthday,1/1/2023,2/1/2023,,
411,C006,48,1,5/11/2023,16:31:34,8/11/2023,7:21:26,Nadiad,Diwali,5/11/2023,8/11/2023,,
412,C081,67,2,10/28/2023,9:28:24,31/10/2023,23:14:27,Maheshtala,Anniversary,28/10/2023,31/10/2023,,
413,C050,59,5,8/22/2023,5:32:17,30/8/2023,20:21:11,Amritsar,Raksha Bandhan,22/8/2023,30/8/2023,,
414,C034,7,4,2/28/2023,21:18:11,7/3/2023,1:07:31,Raurkela Industrial Township,Holi,28/2/2023,7/3/2023,,
415,C065,14,4,8/6/2023,20:08:30,10/6/2023,1:20:56,Hajipur,Birthday,8/6/2023,10/6/2023,,
416,C006,58,5,12/2/2023,16:41:02,17/2/2023,9:37:01,Saharanpur,Valentine's Day,12/2/2023,17/2/2023,,
417,C004,62,4,7/3/2023,22:40:40,11/3/2023,5:56:33,Khammam,Holi,7/3/2023,11/3/2023,,
418,C069,64,3,8/24/2023,13:17:22,1/9/2023,11:37:10,Karimnagar,Raksha Bandhan,24/8/2023,1/9/2023,,
419,C065,47,3,5/3/2023,17:18:51,11/3/2023,13:53:36,Agartala,Holi,5/3/2023,11/3/2023,,
420,C039,6,3,2/27/2023,8:36:20,28/2/2023,0:07:29,Kota,Holi,27/2/2023,28/2/2023,,
421,C066,38,4,8/8/2023,20:16:30,12/8/2023,19:04:00,Serampore,Birthday,8/8/2023,12/8/2023,,
422,C044,53,2,8/20/2023,3:03:58,29/8/2023,4:05:39,Eluru,Raksha Bandhan,20/8/2023,29/8/2023,,
423,C067,19,1,11/2/2023,16:46:58,17/2/2023,0:10:05,Alappuzha,Valentine's Day,11/2/2023,17/2/2023,,
424,C072,7,4,1/3/2023,3:04:56,9/3/2023,10:27:03,Kishanganj,Holi,1/3/2023,9/3/2023,,
425,C071,56,1,9/30/2023,0:02:06,9/10/2023,22:59:28,North Dumdum,Anniversary,30/9/2023,9/10/2023,,
426,C073,2,2,2/13/2023,22:59:54,17/2/2023,13:51:00,Kharagpur,Valentine's Day,13/2/2023,17/2/2023,,
427,C042,48,5,3/11/2023,7:56:32,13/11/2023,22:46:12,Gudivada,Diwali,3/11/2023,13/11/2023,,
428,C038,10,2,6/12/2023,3:32:38,12/12/2023,19:37:01,Khora ,Birthday,6/12/2023,12/12/2023,,
429,C007,9,5,8/22/2023,22:46:57,31/8/2023,12:43:52,Bahraich,Raksha Bandhan,22/8/2023,31/8/2023,,
430,C045,27,2,8/27/2023,7:20:30,31/8/2023,10:03:32,Rourkela,Raksha Bandhan,27/8/2023,31/8/2023,,
431,C057,1,4,12/13/2023,19:13:43,19/12/2023,21:02:24,Varanasi,All Occasions,13/12/2023,19/12/2023,,
432,C092,12,4,5/1/2023,12:09:27,13/1/2023,19:40:38,Ballia,Anniversary,5/1/2023,13/1/2023,,
433,C068,7,5,2/26/2023,23:33:51,2/3/2023,4:19:56,Amravati,Holi,26/2/2023,2/3/2023,,
434,C020,51,4,11/28/2023,7:23:06,29/11/2023,19:43:32,Kirari Suleman Nagar,All Occasions,28/11/2023,29/11/2023,,
435,C017,53,4,8/22/2023,17:27:30,27/8/2023,12:35:14,Mira-Bhayandar,Raksha Bandhan,22/8/2023,27/8/2023,,
436,C058,8,1,1/27/2023,6:08:00,3/2/2023,8:15:49,Salem,Anniversary,27/1/2023,3/2/2023,,
437,C010,55,1,8/24/2023,6:30:47,27/8/2023,22:56:38,Uluberia,Raksha Bandhan,24/8/2023,27/8/2023,,
438,C037,34,2,8/26/2023,9:27:17,27/8/2023,3:18:31,Tadepalligudem,Raksha Bandhan,26/8/2023,27/8/2023,,
439,C037,12,3,12/13/2023,8:56:11,22/12/2023,12:51:06,Hyderabad,Anniversary,13/12/2023,22/12/2023,,
440,C018,13,4,7/3/2023,9:33:31,9/3/2023,1:21:29,Gudivada,Holi,7/3/2023,9/3/2023,,
441,C052,26,2,2/26/2023,11:23:56,6/3/2023,16:38:50,Kurnool,Holi,26/2/2023,6/3/2023,,
442,C023,3,3,8/2/2023,18:03:20,15/2/2023,8:05:39,Khandwa,Valentine's Day,8/2/2023,15/2/2023,,
443,C046,49,3,4/2/2023,22:22:19,13/2/2023,2:16:00,Secunderabad,Valentine's Day,4/2/2023,13/2/2023,,
444,C021,60,3,2/11/2023,1:01:13,9/11/2023,9:54:20,Jalna,Diwali,2/11/2023,9/11/2023,,
445,C047,30,5,6/14/2023,20:08:42,15/6/2023,14:22:27,Karnal,Anniversary,14/6/2023,15/6/2023,,
446,C079,33,5,12/2/2023,2:54:04,15/2/2023,11:03:28,Bokaro,Valentine's Day,12/2/2023,15/2/2023,,
447,C032,47,4,2/27/2023,2:45:34,4/3/2023,15:04:56,Bhilwara,Holi,27/2/2023,4/3/2023,,
448,C086,16,1,2/3/2023,2:42:54,3/3/2023,13:42:24,Bulandshahr,Holi,2/3/2023,3/3/2023,,
449,C045,49,4,2/13/2023,3:18:26,16/2/2023,10:09:41,Ichalkaranji,Valentine's Day,13/2/2023,16/2/2023,,
450,C096,39,5,2/12/2023,7:58:05,12/12/2023,10:09:58,Sri Ganganagar,All Occasions,2/12/2023,12/12/2023,,
451,C079,33,5,7/2/2023,0:16:52,13/2/2023,21:10:57,Ujjain,Valentine's Day,7/2/2023,13/2/2023,,
452,C045,70,3,9/7/2023,19:57:29,17/7/2023,11:42:18,Mahbubnagar,Birthday,9/7/2023,17/7/2023,,
453,C032,27,2,8/21/2023,10:11:39,31/8/2023,12:28:21,Varanasi,Raksha Bandhan,21/8/2023,31/8/2023,,
454,C088,3,2,7/2/2023,23:26:49,9/2/2023,1:21:56,Suryapet,Valentine's Day,7/2/2023,9/2/2023,,
455,C072,1,2,10/20/2023,22:33:50,25/10/2023,18:04:20,Eluru,All Occasions,20/10/2023,25/10/2023,,
456,C071,33,2,12/2/2023,22:51:39,15/2/2023,22:14:06,Nangloi Jat,Valentine's Day,12/2/2023,15/2/2023,,
457,C036,22,5,5/27/2023,13:55:39,29/5/2023,16:38:25,Mirzapur,All Occasions,27/5/2023,29/5/2023,,
458,C054,32,2,7/19/2023,17:21:30,24/7/2023,20:32:44,Ramgarh,Birthday,19/7/2023,24/7/2023,,
459,C093,12,2,3/29/2023,7:24:55,30/3/2023,7:34:31,Ranchi,Anniversary,29/3/2023,30/3/2023,,
460,C007,29,2,4/3/2023,7:58:33,6/3/2023,0:07:26,Kolhapur,Holi,4/3/2023,6/3/2023,,
461,C083,12,4,6/22/2023,8:12:37,27/6/2023,14:52:56,Srinagar,Anniversary,22/6/2023,27/6/2023,,
462,C069,60,5,4/11/2023,18:10:06,13/11/2023,14:20:14,Kirari Suleman Nagar,Diwali,4/11/2023,13/11/2023,,
463,C078,18,3,9/24/2023,22:23:47,30/9/2023,0:52:03,Hazaribagh,Birthday,24/9/2023,30/9/2023,,
464,C014,18,3,5/7/2023,3:04:25,8/7/2023,13:38:45,Buxar,Birthday,5/7/2023,8/7/2023,,
465,C029,55,5,8/23/2023,23:46:12,26/8/2023,13:29:11,Madurai,Raksha Bandhan,23/8/2023,26/8/2023,,
466,C053,23,1,3/10/2023,13:58:22,11/10/2023,9:59:41,Bally,Anniversary,3/10/2023,11/10/2023,,
467,C056,53,1,8/28/2023,14:18:44,2/9/2023,15:20:11,Gandhidham,Raksha Bandhan,28/8/2023,2/9/2023,,
468,C007,5,2,7/25/2023,7:57:26,4/8/2023,1:24:47,Rajahmundry,All Occasions,25/7/2023,4/8/2023,,
469,C051,42,4,12/15/2023,7:06:00,19/12/2023,12:56:49,Kamarhati,All Occasions,15/12/2023,19/12/2023,,
470,C031,47,5,2/28/2023,17:34:04,6/3/2023,15:29:29,Bhavnagar,Holi,28/2/2023,6/3/2023,,
471,C092,23,2,1/31/2023,12:09:01,10/2/2023,5:50:06,Tirunelveli,Anniversary,31/1/2023,10/2/2023,,
472,C015,56,1,12/24/2023,7:32:38,30/12/2023,22:46:18,Khammam,Anniversary,24/12/2023,30/12/2023,,
473,C061,22,3,3/28/2023,8:13:57,4/4/2023,15:44:18,Giridih,All Occasions,28/3/2023,4/4/2023,,
474,C051,1,4,7/2/2023,6:31:59,14/2/2023,2:00:07,Dibrugarh,All Occasions,7/2/2023,14/2/2023,,
475,C099,46,2,4/12/2023,7:21:23,8/12/2023,13:32:22,Jalgaon,Anniversary,4/12/2023,8/12/2023,,
476,C067,40,2,9/18/2023,1:17:18,20/9/2023,17:53:14,Moradabad,Anniversary,18/9/2023,20/9/2023,,
477,C099,33,4,12/2/2023,17:18:09,14/2/2023,3:11:52,Gangtok,Valentine's Day,12/2/2023,14/2/2023,,
478,C003,11,5,8/2/2023,1:11:21,9/2/2023,9:50:19,Ambarnath,Valentine's Day,8/2/2023,9/2/2023,,
479,C071,11,1,7/2/2023,17:48:21,11/2/2023,10:48:13,Ghaziabad,Valentine's Day,7/2/2023,11/2/2023,,
480,C059,62,4,6/3/2023,4:29:31,16/3/2023,22:19:33,Sagar,Holi,6/3/2023,16/3/2023,,
481,C044,12,5,8/21/2023,0:00:53,25/8/2023,18:36:25,Bhiwandi,Anniversary,21/8/2023,25/8/2023,,
482,C050,23,3,5/6/2023,20:33:38,14/6/2023,20:56:35,Ludhiana,Anniversary,5/6/2023,14/6/2023,,
483,C007,59,2,8/28/2023,6:25:03,31/8/2023,5:06:02,Pallavaram,Raksha Bandhan,28/8/2023,31/8/2023,,
484,C034,1,5,5/26/2023,19:03:55,3/6/2023,19:32:17,Morena,All Occasions,26/5/2023,3/6/2023,,
485,C029,43,4,6/11/2023,19:20:24,14/11/2023,19:27:14,Bhubaneswar,Diwali,6/11/2023,14/11/2023,,
486,C030,24,1,7/25/2023,14:34:30,30/7/2023,16:58:35,Ambattur,Birthday,25/7/2023,30/7/2023,,
487,C053,51,1,5/1/2023,16:46:57,9/1/2023,4:28:18,Sasaram,All Occasions,5/1/2023,9/1/2023,,
488,C025,21,4,8/28/2023,22:13:30,29/8/2023,5:26:49,Nizamabad,Raksha Bandhan,28/8/2023,29/8/2023,,
489,C072,10,1,8/28/2023,22:26:56,2/9/2023,4:30:46,Kirari Suleman Nagar,Birthday,28/8/2023,2/9/2023,,
490,C075,2,1,12/2/2023,12:28:03,14/2/2023,12:27:19,Eluru,Valentine's Day,12/2/2023,14/2/2023,,
491,C095,30,1,10/24/2023,6:14:34,2/11/2023,22:59:20,Muzaffarnagar,Anniversary,24/10/2023,2/11/2023,,
492,C047,33,2,4/2/2023,13:54:25,13/2/2023,12:04:33,Salem,Valentine's Day,4/2/2023,13/2/2023,,
493,C035,11,1,5/2/2023,22:11:24,6/2/2023,15:43:11,Gopalpur,Valentine's Day,5/2/2023,6/2/2023,,
494,C082,7,4,2/28/2023,3:11:22,8/3/2023,19:06:48,Rewa,Holi,28/2/2023,8/3/2023,,
495,C007,20,1,8/28/2023,17:42:29,29/8/2023,22:51:31,Pimpri-Chinchwad,Anniversary,28/8/2023,29/8/2023,,
496,C021,11,4,9/2/2023,14:31:57,16/2/2023,13:05:41,Sambhal,Valentine's Day,9/2/2023,16/2/2023,,
497,C081,64,2,8/29/2023,20:14:01,1/9/2023,4:42:56,Alwar,Raksha Bandhan,29/8/2023,1/9/2023,,
498,C100,19,4,2/13/2023,21:34:44,20/2/2023,21:14:24,Bhusawal,Valentine's Day,13/2/2023,20/2/2023,,
499,C031,59,1,8/27/2023,12:09:20,2/9/2023,10:03:32,Ichalkaranji,Raksha Bandhan,27/8/2023,2/9/2023,,
500,C013,61,2,6/29/2023,10:07:52,5/7/2023,12:14:25,Bongaigaon,Anniversary,29/6/2023,5/7/2023,,
501,C066,46,2,2/9/2023,16:27:41,8/9/2023,7:33:36,Navi Mumbai,Anniversary,2/9/2023,8/9/2023,,
502,C099,22,5,6/24/2023,5:33:20,30/6/2023,0:55:44,Munger,All Occasions,24/6/2023,30/6/2023,,
503,C020,34,1,8/29/2023,20:45:45,6/9/2023,7:49:54,Dehri,Raksha Bandhan,29/8/2023,6/9/2023,,
504,C058,25,1,7/14/2023,13:04:42,24/7/2023,5:20:36,Meerut,Anniversary,14/7/2023,24/7/2023,,
505,C028,45,3,2/6/2023,13:19:25,5/6/2023,1:59:32,Allahabad,Birthday,2/6/2023,5/6/2023,,
506,C058,55,4,8/27/2023,8:52:04,2/9/2023,11:43:24,Thrissur,Raksha Bandhan,27/8/2023,2/9/2023,,
507,C028,13,4,7/3/2023,0:28:11,13/3/2023,20:11:36,Malda,Holi,7/3/2023,13/3/2023,,
508,C035,69,1,2/26/2023,17:29:28,4/3/2023,7:11:06,Varanasi,Holi,26/2/2023,4/3/2023,,
509,C003,13,5,5/3/2023,12:48:55,9/3/2023,7:47:16,Uluberia,Holi,5/3/2023,9/3/2023,,
510,C017,54,5,8/12/2023,13:00:05,17/12/2023,6:14:47,Panipat,Anniversary,8/12/2023,17/12/2023,,
511,C055,47,2,2/27/2023,12:58:05,4/3/2023,0:46:11,Dibrugarh,Holi,27/2/2023,4/3/2023,,
512,C008,41,1,5/11/2023,2:42:41,11/11/2023,13:10:40,Ranchi,Diwali,5/11/2023,11/11/2023,,
513,C088,1,4,3/27/2023,9:57:32,2/4/2023,13:56:41,Nandyal,All Occasions,27/3/2023,2/4/2023,,
514,C090,24,1,1/1/2023,9:56:10,9/1/2023,17:56:52,Allahabad,Birthday,1/1/2023,9/1/2023,,
515,C078,14,5,10/21/2023,23:22:39,27/10/2023,14:59:49,Unnao,Birthday,21/10/2023,27/10/2023,,
516,C020,22,2,5/7/2023,20:52:56,6/7/2023,1:06:20,Gaya,All Occasions,5/7/2023,6/7/2023,,
517,C064,60,5,9/11/2023,1:01:13,17/11/2023,19:04:55,Aligarh,Diwali,9/11/2023,17/11/2023,,
518,C045,45,3,9/4/2023,4:46:41,15/4/2023,19:40:46,Ahmednagar,Birthday,9/4/2023,15/4/2023,,
519,C014,52,4,7/2/2023,23:10:38,15/2/2023,6:40:20,Hindupur,Valentine's Day,7/2/2023,15/2/2023,,
520,C026,14,5,7/4/2023,4:43:51,8/4/2023,8:21:40,Mysore,Birthday,7/4/2023,8/4/2023,,
521,C062,33,5,4/2/2023,21:00:17,8/2/2023,2:28:38,Noida,Valentine's Day,4/2/2023,8/2/2023,,
522,C011,50,3,2/27/2023,21:04:28,8/3/2023,1:34:50,Avadi,Holi,27/2/2023,8/3/2023,,
523,C071,30,3,2/7/2023,13:37:08,9/7/2023,15:38:36,Muzaffarpur,Anniversary,2/7/2023,9/7/2023,,
524,C084,45,1,8/15/2023,13:54:54,22/8/2023,12:29:47,Jalandhar,Birthday,15/8/2023,22/8/2023,,
525,C033,16,2,2/3/2023,20:06:08,11/3/2023,22:22:35,Bhagalpur,Holi,2/3/2023,11/3/2023,,
526,C008,13,5,2/3/2023,6:06:20,8/3/2023,1:35:05,Bangalore,Holi,2/3/2023,8/3/2023,,
527,C036,33,3,11/2/2023,12:51:40,19/2/2023,15:58:07,Bardhaman,Valentine's Day,11/2/2023,19/2/2023,,
528,C001,27,3,8/27/2023,5:01:16,30/8/2023,17:03:43,Tirunelveli,Raksha Bandhan,27/8/2023,30/8/2023,,
529,C013,64,2,8/25/2023,15:47:28,28/8/2023,14:05:18,Madurai,Raksha Bandhan,25/8/2023,28/8/2023,,
530,C008,5,2,8/19/2023,10:45:21,27/8/2023,0:23:56,Delhi,All Occasions,19/8/2023,27/8/2023,,
531,C029,28,5,8/29/2023,13:32:08,7/9/2023,8:43:11,Dehradun,Raksha Bandhan,29/8/2023,7/9/2023,,
532,C036,30,5,2/9/2023,13:25:06,10/9/2023,2:55:07,Bharatpur,Anniversary,2/9/2023,10/9/2023,,
533,C006,14,3,4/18/2023,7:19:52,20/4/2023,17:43:45,Raurkela Industrial Township,Birthday,18/4/2023,20/4/2023,,
534,C061,31,2,11/27/2023,3:40:16,4/12/2023,11:22:37,Naihati,All Occasions,27/11/2023,4/12/2023,,
535,C017,25,3,8/7/2023,21:59:28,11/7/2023,6:30:40,Saharsa,Anniversary,8/7/2023,11/7/2023,,
536,C048,59,3,8/25/2023,15:14:52,30/8/2023,11:13:10,Kota,Raksha Bandhan,25/8/2023,30/8/2023,,
537,C064,42,3,10/17/2023,6:19:24,25/10/2023,3:09:08,Korba,All Occasions,17/10/2023,25/10/2023,,
538,C097,24,5,5/18/2023,13:09:06,19/5/2023,22:36:16,Ghaziabad,Birthday,18/5/2023,19/5/2023,,
539,C056,20,3,9/6/2023,15:39:18,16/6/2023,14:17:05,Jehanabad,Anniversary,9/6/2023,16/6/2023,,
540,C082,22,4,6/9/2023,19:07:35,9/9/2023,1:26:00,Morbi,All Occasions,6/9/2023,9/9/2023,,
541,C007,24,3,11/13/2023,5:51:09,16/11/2023,22:56:34,Sasaram,Birthday,13/11/2023,16/11/2023,,
542,C051,54,5,7/7/2023,19:41:20,12/7/2023,9:52:12,Satara,Anniversary,7/7/2023,12/7/2023,,
543,C023,51,4,12/2/2023,21:51:10,17/2/2023,11:53:09,Saharanpur,All Occasions,12/2/2023,17/2/2023,,
544,C030,29,2,1/3/2023,2:31:54,11/3/2023,9:33:52,Belgaum,Holi,1/3/2023,11/3/2023,,
545,C083,9,5,8/20/2023,1:54:52,26/8/2023,8:07:19,Ratlam,Raksha Bandhan,20/8/2023,26/8/2023,,
546,C064,25,3,2/2/2023,22:04:53,11/2/2023,10:00:07,Motihari,Anniversary,2/2/2023,11/2/2023,,
547,C088,30,5,10/1/2023,2:30:12,19/1/2023,13:56:41,Ahmedabad,Anniversary,10/1/2023,19/1/2023,,
548,C012,25,2,2/21/2023,12:32:50,22/2/2023,19:47:44,Gorakhpur,Anniversary,21/2/2023,22/2/2023,,
549,C021,64,1,8/22/2023,19:29:43,1/9/2023,2:29:10,Erode,Raksha Bandhan,22/8/2023,1/9/2023,,
550,C023,29,5,2/27/2023,19:28:12,5/3/2023,17:03:39,Bettiah,Holi,27/2/2023,5/3/2023,,
551,C088,67,1,4/19/2023,20:43:42,23/4/2023,15:25:04,Kurnool,Anniversary,19/4/2023,23/4/2023,,
552,C064,31,3,10/5/2023,18:59:31,11/5/2023,17:09:07,Tezpur,All Occasions,10/5/2023,11/5/2023,,
553,C084,39,2,8/22/2023,1:22:41,26/8/2023,7:43:27,Alwar,All Occasions,22/8/2023,26/8/2023,,
554,C045,29,4,2/28/2023,20:25:07,3/3/2023,16:49:01,Sangli-Miraj & Kupwad,Holi,28/2/2023,3/3/2023,,
555,C100,56,4,6/28/2023,12:05:43,30/6/2023,17:58:12,Ratlam,Anniversary,28/6/2023,30/6/2023,,
556,C073,17,1,12/13/2023,15:34:22,21/12/2023,15:49:48,Cuttack,Anniversary,13/12/2023,21/12/2023,,
557,C039,47,3,1/3/2023,3:00:42,8/3/2023,2:10:39,Kavali,Holi,1/3/2023,8/3/2023,,
558,C091,64,3,8/22/2023,0:42:58,25/8/2023,0:24:52,Muzaffarpur,Raksha Bandhan,22/8/2023,25/8/2023,,
559,C084,45,1,12/19/2023,16:37:11,26/12/2023,18:35:43,Mau,Birthday,19/12/2023,26/12/2023,,
560,C019,39,2,4/8/2023,12:52:20,9/8/2023,9:50:53,Avadi,All Occasions,4/8/2023,9/8/2023,,
561,C099,49,5,12/2/2023,12:24:35,21/2/2023,17:23:34,Ghaziabad,Valentine's Day,12/2/2023,21/2/2023,,
562,C066,24,4,9/8/2023,9:18:20,16/8/2023,1:34:07,Ranchi,Birthday,9/8/2023,16/8/2023,,
563,C077,58,5,11/2/2023,11:43:18,19/2/2023,5:04:29,Jorhat,Valentine's Day,11/2/2023,19/2/2023,,
564,C007,40,1,7/4/2023,0:40:20,15/4/2023,6:06:57,Gandhinagar,Anniversary,7/4/2023,15/4/2023,,
565,C011,50,3,6/3/2023,17:28:16,14/3/2023,13:12:47,Mehsana,Holi,6/3/2023,14/3/2023,,
566,C054,42,4,12/5/2023,12:48:03,14/5/2023,20:36:32,Patna,All Occasions,12/5/2023,14/5/2023,,
567,C090,66,1,6/3/2023,6:11:59,15/3/2023,18:57:04,Unnao,Holi,6/3/2023,15/3/2023,,
568,C056,10,1,6/29/2023,20:55:39,8/7/2023,13:16:14,Bhubaneswar,Birthday,29/6/2023,8/7/2023,,
569,C027,53,2,8/28/2023,14:00:43,4/9/2023,17:56:22,Purnia,Raksha Bandhan,28/8/2023,4/9/2023,,
570,C056,69,3,2/28/2023,11:25:04,9/3/2023,0:53:55,Satna,Holi,28/2/2023,9/3/2023,,
571,C046,6,1,2/28/2023,9:38:25,9/3/2023,4:26:01,Bhatpara,Holi,28/2/2023,9/3/2023,,
572,C060,25,5,4/6/2023,15:48:37,10/6/2023,10:11:48,Kamarhati,Anniversary,4/6/2023,10/6/2023,,
573,C040,3,5,8/2/2023,2:52:06,14/2/2023,2:57:06,Thane,Valentine's Day,8/2/2023,14/2/2023,,
574,C064,29,3,2/3/2023,23:57:06,6/3/2023,21:45:12,Kozhikode,Holi,2/3/2023,6/3/2023,,
575,C076,49,2,6/2/2023,13:24:32,9/2/2023,14:55:08,Kota,Valentine's Day,6/2/2023,9/2/2023,,
576,C074,53,4,8/20/2023,7:04:37,26/8/2023,8:01:59,Aurangabad,Raksha Bandhan,20/8/2023,26/8/2023,,
577,C008,20,4,10/28/2023,14:51:26,5/11/2023,18:50:45,Hazaribagh,Anniversary,28/10/2023,5/11/2023,,
578,C008,18,4,7/31/2023,18:27:40,6/8/2023,16:43:25,Warangal,Birthday,31/7/2023,6/8/2023,,
579,C092,29,2,7/3/2023,21:38:40,14/3/2023,10:45:06,Maheshtala,Holi,7/3/2023,14/3/2023,,
580,C093,24,4,6/16/2023,22:03:12,20/6/2023,12:25:42,Bhatpara,Birthday,16/6/2023,20/6/2023,,
581,C082,18,2,2/7/2023,2:08:23,11/7/2023,14:56:59,Anand,Birthday,2/7/2023,11/7/2023,,
582,C019,3,4,4/2/2023,18:30:31,5/2/2023,19:16:41,Latur,Valentine's Day,4/2/2023,5/2/2023,,
583,C025,56,4,9/18/2023,16:47:25,22/9/2023,19:58:33,Hosur,Anniversary,18/9/2023,22/9/2023,,
584,C089,34,2,8/23/2023,7:39:30,27/8/2023,16:10:28,Eluru,Raksha Bandhan,23/8/2023,27/8/2023,,
585,C013,63,5,4/26/2023,18:32:41,1/5/2023,1:52:06,Bhubaneswar,All Occasions,26/4/2023,1/5/2023,,
586,C068,64,5,8/27/2023,21:04:38,4/9/2023,16:30:39,Bilaspur,Raksha Bandhan,27/8/2023,4/9/2023,,
587,C018,43,1,2/11/2023,0:51:24,3/11/2023,10:41:06,Panchkula,Diwali,2/11/2023,3/11/2023,,
588,C056,49,5,4/2/2023,6:37:00,5/2/2023,21:21:57,Kishanganj,Valentine's Day,4/2/2023,5/2/2023,,
589,C093,40,3,9/12/2023,21:23:17,19/12/2023,1:21:34,Lucknow,Anniversary,9/12/2023,19/12/2023,,
590,C006,23,2,1/19/2023,21:36:21,23/1/2023,5:53:50,Durg,Anniversary,19/1/2023,23/1/2023,,
591,C002,31,3,6/7/2023,12:56:00,14/7/2023,0:00:51,Surat,All Occasions,6/7/2023,14/7/2023,,
592,C007,47,5,7/3/2023,3:27:03,11/3/2023,21:41:23,Phusro,Holi,7/3/2023,11/3/2023,,
593,C016,58,3,5/2/2023,17:30:40,12/2/2023,9:34:03,Bhilai,Valentine's Day,5/2/2023,12/2/2023,,
594,C060,20,2,5/26/2023,21:26:03,1/6/2023,4:59:28,Varanasi,Anniversary,26/5/2023,1/6/2023,,
595,C022,51,4,8/11/2023,13:49:19,15/11/2023,4:06:31,Dhanbad,All Occasions,8/11/2023,15/11/2023,,
596,C046,50,1,5/3/2023,14:57:41,14/3/2023,17:58:44,Tiruppur,Holi,5/3/2023,14/3/2023,,
597,C074,16,1,1/3/2023,1:05:53,6/3/2023,2:49:44,Pimpri-Chinchwad,Holi,1/3/2023,6/3/2023,,
598,C054,37,3,11/11/2023,2:51:23,18/11/2023,21:53:27,Ratlam,Diwali,11/11/2023,18/11/2023,,
599,C004,34,1,8/21/2023,19:32:24,24/8/2023,12:13:52,Naihati,Raksha Bandhan,21/8/2023,24/8/2023,,
600,C095,47,4,7/3/2023,21:24:39,9/3/2023,15:17:19,Shimla,Holi,7/3/2023,9/3/2023,,
601,C030,1,4,3/14/2023,2:37:47,18/3/2023,3:37:12,Raurkela Industrial Township,All Occasions,14/3/2023,18/3/2023,,
602,C042,43,5,2/11/2023,10:17:25,11/11/2023,6:02:00,Buxar,Diwali,2/11/2023,11/11/2023,,
603,C079,8,3,5/29/2023,5:23:57,7/6/2023,15:14:45,Tiruvottiyur,Anniversary,29/5/2023,7/6/2023,,
604,C069,39,3,1/31/2023,19:54:56,3/2/2023,21:24:38,Tadipatri,All Occasions,31/1/2023,3/2/2023,,
605,C068,45,2,12/21/2023,22:21:06,25/12/2023,20:49:33,Kakinada,Birthday,21/12/2023,25/12/2023,,
606,C047,3,5,8/2/2023,2:13:13,17/2/2023,7:31:32,Sambalpur,Valentine's Day,8/2/2023,17/2/2023,,
607,C028,50,3,3/3/2023,1:50:25,5/3/2023,9:52:56,Bidhannagar,Holi,3/3/2023,5/3/2023,,
608,C030,55,5,8/28/2023,20:30:15,1/9/2023,7:14:20,Etawah,Raksha Bandhan,28/8/2023,1/9/2023,,
609,C024,25,5,10/27/2023,11:08:56,28/10/2023,23:46:55,Hazaribagh,Anniversary,27/10/2023,28/10/2023,,
610,C068,5,3,3/1/2023,17:25:41,5/1/2023,0:11:36,Sirsa,All Occasions,3/1/2023,5/1/2023,,
611,C056,28,2,8/22/2023,21:17:50,28/8/2023,3:27:30,Latur,Raksha Bandhan,22/8/2023,28/8/2023,,
612,C075,26,1,2/3/2023,10:22:25,8/3/2023,12:39:50,Shivpuri,Holi,2/3/2023,8/3/2023,,
613,C063,4,5,10/11/2023,17:54:34,14/11/2023,19:18:27,Gwalior,Diwali,10/11/2023,14/11/2023,,
614,C089,26,1,3/3/2023,15:36:13,7/3/2023,18:51:41,Aizawl,Holi,3/3/2023,7/3/2023,,
615,C020,28,3,8/25/2023,21:11:09,1/9/2023,6:10:16,Allahabad,Raksha Bandhan,25/8/2023,1/9/2023,,
616,C006,44,5,8/11/2023,23:57:57,12/11/2023,19:20:59,Phagwara,Diwali,8/11/2023,12/11/2023,,
617,C083,22,1,2/19/2023,2:53:42,28/2/2023,17:01:34,Uluberia,All Occasions,19/2/2023,28/2/2023,,
618,C073,60,4,5/11/2023,16:09:13,15/11/2023,17:21:36,Lucknow,Diwali,5/11/2023,15/11/2023,,
619,C091,35,1,6/3/2023,7:18:46,16/3/2023,3:17:33,Patiala,Holi,6/3/2023,16/3/2023,,
620,C074,67,3,11/7/2023,22:23:01,18/7/2023,1:24:50,Chapra,Anniversary,11/7/2023,18/7/2023,,
621,C070,64,3,8/20/2023,7:17:03,28/8/2023,1:32:49,Ahmedabad,Raksha Bandhan,20/8/2023,28/8/2023,,
622,C084,4,4,8/11/2023,14:13:32,9/11/2023,15:59:02,Bhiwandi,Diwali,8/11/2023,9/11/2023,,
623,C045,37,2,8/11/2023,13:37:50,18/11/2023,14:25:39,Lucknow,Diwali,8/11/2023,18/11/2023,,
624,C024,53,5,8/29/2023,9:19:59,1/9/2023,8:29:54,Ambala,Raksha Bandhan,29/8/2023,1/9/2023,,
625,C089,63,5,2/23/2023,21:15:42,4/3/2023,2:46:06,Belgaum,All Occasions,23/2/2023,4/3/2023,,
626,C024,40,5,9/23/2023,15:12:58,27/9/2023,8:14:22,Bellary,Anniversary,23/9/2023,27/9/2023,,
627,C024,51,4,5/2/2023,4:30:25,8/2/2023,23:38:12,Sirsa,All Occasions,5/2/2023,8/2/2023,,
628,C061,11,5,10/2/2023,21:50:27,13/2/2023,21:07:46,Ongole,Valentine's Day,10/2/2023,13/2/2023,,
629,C032,28,5,8/27/2023,9:09:01,4/9/2023,15:31:23,Sangli-Miraj & Kupwad,Raksha Bandhan,27/8/2023,4/9/2023,,
630,C071,67,3,2/21/2023,21:37:47,1/3/2023,18:53:08,Karimnagar,Anniversary,21/2/2023,1/3/2023,,
631,C044,32,4,4/13/2023,21:41:50,17/4/2023,3:45:03,Gopalpur,Birthday,13/4/2023,17/4/2023,,
632,C075,51,1,11/7/2023,22:35:01,12/7/2023,11:32:50,Adoni,All Occasions,11/7/2023,12/7/2023,,
633,C031,52,5,10/2/2023,14:44:42,15/2/2023,5:12:46,Surat,Valentine's Day,10/2/2023,15/2/2023,,
634,C038,57,3,7/5/2023,6:36:16,11/5/2023,13:43:49,Fatehpur,Birthday,7/5/2023,11/5/2023,,
635,C095,67,1,12/11/2023,18:37:11,22/11/2023,7:23:32,Navi Mumbai,Anniversary,12/11/2023,22/11/2023,,
636,C067,53,2,8/25/2023,7:18:26,2/9/2023,3:33:45,Panipat,Raksha Bandhan,25/8/2023,2/9/2023,,
637,C056,51,3,12/3/2023,19:29:26,20/3/2023,22:34:14,Darbhanga,All Occasions,12/3/2023,20/3/2023,,
638,C060,39,1,4/23/2023,2:13:33,27/4/2023,2:51:20,Mira-Bhayandar,All Occasions,23/4/2023,27/4/2023,,
639,C098,24,1,5/26/2023,2:36:31,31/5/2023,3:18:25,Amaravati,Birthday,26/5/2023,31/5/2023,,
640,C089,59,3,8/23/2023,6:16:51,31/8/2023,19:07:21,Bathinda,Raksha Bandhan,23/8/2023,31/8/2023,,
641,C063,15,4,5/18/2023,23:59:56,26/5/2023,19:14:55,South Dumdum,Anniversary,18/5/2023,26/5/2023,,
642,C021,44,5,2/11/2023,5:26:04,7/11/2023,0:29:51,Kozhikode,Diwali,2/11/2023,7/11/2023,,
643,C063,35,2,2/26/2023,13:10:24,6/3/2023,20:24:10,Malda,Holi,26/2/2023,6/3/2023,,
644,C050,67,1,1/9/2023,14:54:36,11/9/2023,11:21:18,Parbhani,Anniversary,1/9/2023,11/9/2023,,
645,C033,50,3,2/27/2023,1:46:39,28/2/2023,2:07:11,Danapur,Holi,27/2/2023,28/2/2023,,
646,C015,38,5,5/13/2023,16:30:10,23/5/2023,9:16:58,Morbi,Birthday,13/5/2023,23/5/2023,,
647,C069,21,5,8/25/2023,17:00:25,26/8/2023,1:29:04,Anantapuram,Raksha Bandhan,25/8/2023,26/8/2023,,
648,C040,41,3,5/11/2023,19:06:16,9/11/2023,8:25:00,Chittoor,Diwali,5/11/2023,9/11/2023,,
649,C053,43,3,2/11/2023,3:05:41,11/11/2023,8:55:15,Naihati,Diwali,2/11/2023,11/11/2023,,
650,C077,32,3,2/23/2023,1:54:43,2/3/2023,3:09:36,Guwahati,Birthday,23/2/2023,2/3/2023,,
651,C017,11,4,2/13/2023,2:16:28,19/2/2023,11:55:54,Panihati,Valentine's Day,13/2/2023,19/2/2023,,
652,C032,21,2,8/28/2023,19:41:09,3/9/2023,0:01:31,Phagwara,Raksha Bandhan,28/8/2023,3/9/2023,,
653,C076,17,4,11/29/2023,13:38:07,1/12/2023,5:52:11,Bhilwara,Anniversary,29/11/2023,1/12/2023,,
654,C019,64,2,8/29/2023,4:53:15,2/9/2023,0:41:13,Jhansi,Raksha Bandhan,29/8/2023,2/9/2023,,
655,C015,17,1,8/11/2023,21:19:04,17/11/2023,18:57:37,Jalna,Anniversary,8/11/2023,17/11/2023,,
656,C032,68,2,5/2/2023,18:34:41,6/2/2023,4:46:00,Dehri,Valentine's Day,5/2/2023,6/2/2023,,
657,C055,13,3,3/3/2023,9:37:53,8/3/2023,14:48:35,Kochi,Holi,3/3/2023,8/3/2023,,
658,C061,21,3,8/22/2023,20:54:56,31/8/2023,8:54:06,Srikakulam,Raksha Bandhan,22/8/2023,31/8/2023,,
659,C048,19,5,5/2/2023,17:44:56,12/2/2023,22:37:43,Silchar,Valentine's Day,5/2/2023,12/2/2023,,
660,C053,58,3,11/2/2023,6:08:46,21/2/2023,20:48:35,Amravati,Valentine's Day,11/2/2023,21/2/2023,,
661,C018,22,2,1/14/2023,23:51:27,19/1/2023,9:50:46,Guwahati,All Occasions,14/1/2023,19/1/2023,,
662,C068,20,3,9/2/2023,18:29:52,18/2/2023,8:27:53,Hazaribagh,Anniversary,9/2/2023,18/2/2023,,
663,C094,15,2,11/10/2023,14:47:08,12/10/2023,22:32:05,Hosur,Anniversary,11/10/2023,12/10/2023,,
664,C023,24,2,1/18/2023,11:54:34,28/1/2023,20:22:08,Hajipur,Birthday,18/1/2023,28/1/2023,,
665,C060,62,5,5/3/2023,14:23:22,15/3/2023,15:54:03,Akola,Holi,5/3/2023,15/3/2023,,
666,C032,26,5,2/3/2023,9:41:06,8/3/2023,19:28:15,Jammu,Holi,2/3/2023,8/3/2023,,
667,C052,44,3,4/11/2023,8:26:58,7/11/2023,10:30:59,Alwar,Diwali,4/11/2023,7/11/2023,,
668,C009,55,2,8/21/2023,10:09:53,30/8/2023,16:32:49,Ajmer,Raksha Bandhan,21/8/2023,30/8/2023,,
669,C035,68,5,10/2/2023,7:11:50,17/2/2023,9:56:42,Ludhiana,Valentine's Day,10/2/2023,17/2/2023,,
670,C057,23,5,1/6/2023,5:47:59,10/6/2023,5:09:00,Bhopal,Anniversary,1/6/2023,10/6/2023,,
671,C059,31,4,3/12/2023,6:54:18,7/12/2023,23:16:19,Karnal,All Occasions,3/12/2023,7/12/2023,,
672,C049,44,5,7/11/2023,14:06:15,9/11/2023,6:46:37,Saharanpur,Diwali,7/11/2023,9/11/2023,,
673,C008,33,3,4/2/2023,5:54:49,7/2/2023,4:25:38,Gaya,Valentine's Day,4/2/2023,7/2/2023,,
674,C065,68,2,7/2/2023,9:41:25,16/2/2023,23:40:25,Chennai,Valentine's Day,7/2/2023,16/2/2023,,
675,C052,13,4,2/28/2023,8:04:46,9/3/2023,23:52:12,Pali,Holi,28/2/2023,9/3/2023,,
676,C038,46,4,2/18/2023,12:42:24,20/2/2023,20:52:32,Kanpur,Anniversary,18/2/2023,20/2/2023,,
677,C045,37,5,4/11/2023,7:54:01,14/11/2023,5:32:35,Panihati,Diwali,4/11/2023,14/11/2023,,
678,C020,31,5,10/9/2023,14:23:59,20/9/2023,10:13:07,Jalna,All Occasions,10/9/2023,20/9/2023,,
679,C019,56,2,5/10/2023,17:29:19,14/10/2023,12:58:06,Durg,Anniversary,5/10/2023,14/10/2023,,
680,C018,56,1,2/12/2023,22:20:31,8/12/2023,2:33:10,Avadi,Anniversary,2/12/2023,8/12/2023,,
681,C098,23,5,1/29/2023,10:08:06,5/2/2023,12:01:28,Nashik,Anniversary,29/1/2023,5/2/2023,,
682,C054,50,5,2/26/2023,7:31:16,5/3/2023,11:32:33,Hyderabad,Holi,26/2/2023,5/3/2023,,
683,C024,27,3,8/23/2023,21:26:58,30/8/2023,19:25:08,Surendranagar Dudhrej,Raksha Bandhan,23/8/2023,30/8/2023,,
684,C029,70,3,9/17/2023,1:33:50,25/9/2023,2:44:39,Tumkur,Birthday,17/9/2023,25/9/2023,,
685,C054,22,1,1/9/2023,21:04:40,11/9/2023,8:30:45,Sikar,All Occasions,1/9/2023,11/9/2023,,
686,C026,50,1,1/3/2023,16:29:38,11/3/2023,21:37:59,Bardhaman,Holi,1/3/2023,11/3/2023,,
687,C098,8,5,3/15/2023,17:57:15,19/3/2023,4:50:54,Raichur,Anniversary,15/3/2023,19/3/2023,,
688,C015,54,2,1/28/2023,19:02:07,30/1/2023,13:51:22,Lucknow,Anniversary,28/1/2023,30/1/2023,,
689,C046,66,4,2/3/2023,5:52:42,7/3/2023,11:00:27,Silchar,Holi,2/3/2023,7/3/2023,,
690,C083,48,2,2/11/2023,21:13:25,5/11/2023,21:32:48,Jaunpur,Diwali,2/11/2023,5/11/2023,,
691,C002,48,5,6/11/2023,5:22:43,10/11/2023,11:08:26,Naihati,Diwali,6/11/2023,10/11/2023,,
692,C035,15,2,11/8/2023,7:04:55,18/8/2023,6:44:37,Tiruppur,Anniversary,11/8/2023,18/8/2023,,
693,C041,4,5,4/11/2023,23:48:55,7/11/2023,5:31:27,Ghaziabad,Diwali,4/11/2023,7/11/2023,,
694,C018,23,2,4/15/2023,19:26:27,21/4/2023,16:58:51,Kozhikode,Anniversary,15/4/2023,21/4/2023,,
695,C046,23,4,5/3/2023,16:36:52,14/3/2023,17:01:44,Imphal,Anniversary,5/3/2023,14/3/2023,,
696,C046,13,3,7/3/2023,2:42:21,14/3/2023,15:08:45,Rajpur Sonarpur,Holi,7/3/2023,14/3/2023,,
697,C026,66,1,3/3/2023,14:20:25,7/3/2023,15:14:20,Ichalkaranji,Holi,3/3/2023,7/3/2023,,
698,C060,64,3,8/29/2023,20:44:11,6/9/2023,15:00:13,Ozhukarai,Raksha Bandhan,29/8/2023,6/9/2023,,
699,C011,1,4,2/6/2023,12:14:44,9/6/2023,23:09:03,Chittoor,All Occasions,2/6/2023,9/6/2023,,
700,C006,6,1,4/3/2023,18:17:57,9/3/2023,13:43:07,Gwalior,Holi,4/3/2023,9/3/2023,,
701,C080,41,5,7/11/2023,10:57:34,11/11/2023,4:56:26,Tezpur,Diwali,7/11/2023,11/11/2023,,
702,C067,60,1,10/11/2023,8:44:24,18/11/2023,6:26:10,Giridih,Diwali,10/11/2023,18/11/2023,,
703,C070,53,4,8/23/2023,16:19:39,1/9/2023,6:12:05,Khammam,Raksha Bandhan,23/8/2023,1/9/2023,,
704,C061,55,4,8/29/2023,2:27:10,30/8/2023,13:36:34,Jalgaon,Raksha Bandhan,29/8/2023,30/8/2023,,
705,C004,7,1,5/3/2023,18:18:01,14/3/2023,17:57:09,Pimpri-Chinchwad,Holi,5/3/2023,14/3/2023,,
706,C091,67,2,4/26/2023,5:35:11,4/5/2023,13:13:10,Madurai,Anniversary,26/4/2023,4/5/2023,,
707,C036,70,4,3/2/2023,6:17:26,12/2/2023,1:04:19,Tirunelveli,Birthday,3/2/2023,12/2/2023,,
708,C002,62,3,3/3/2023,10:59:15,12/3/2023,5:05:35,Ozhukarai,Holi,3/3/2023,12/3/2023,,
709,C016,53,5,8/29/2023,4:38:05,7/9/2023,17:29:15,Kolkata,Raksha Bandhan,29/8/2023,7/9/2023,,
710,C087,54,5,5/22/2023,1:33:03,29/5/2023,1:43:52,Jalna,Anniversary,22/5/2023,29/5/2023,,
711,C093,68,3,4/2/2023,17:15:28,6/2/2023,14:50:53,Tiruppur,Valentine's Day,4/2/2023,6/2/2023,,
712,C057,65,5,11/7/2023,13:00:12,13/7/2023,6:34:57,Hazaribagh,All Occasions,11/7/2023,13/7/2023,,
713,C081,37,3,8/11/2023,23:24:22,15/11/2023,22:51:21,Tiruppur,Diwali,8/11/2023,15/11/2023,,
714,C053,63,2,1/6/2023,19:28:09,3/6/2023,7:54:01,Dhule,All Occasions,1/6/2023,3/6/2023,,
715,C069,38,4,4/14/2023,5:16:43,21/4/2023,16:39:31,Tenali,Birthday,14/4/2023,21/4/2023,,
716,C076,40,3,8/19/2023,23:18:12,26/8/2023,1:39:58,Berhampore,Anniversary,19/8/2023,26/8/2023,,
717,C059,67,5,6/25/2023,6:18:32,26/6/2023,23:20:48,Yamunanagar,Anniversary,25/6/2023,26/6/2023,,
718,C028,49,1,9/2/2023,5:13:35,13/2/2023,6:22:05,Jabalpur,Valentine's Day,9/2/2023,13/2/2023,,
719,C092,57,3,12/7/2023,7:44:51,19/7/2023,1:51:24,Phagwara,Birthday,12/7/2023,19/7/2023,,
720,C045,22,5,12/15/2023,14:42:41,20/12/2023,6:07:08,Vellore,All Occasions,15/12/2023,20/12/2023,,
721,C022,3,5,7/2/2023,3:28:21,17/2/2023,18:28:02,Vasai-Virar,Valentine's Day,7/2/2023,17/2/2023,,
722,C044,13,5,2/3/2023,17:30:25,8/3/2023,8:06:58,Mathura,Holi,2/3/2023,8/3/2023,,
723,C045,14,3,4/2/2023,18:00:57,5/2/2023,0:57:28,Mau,Birthday,4/2/2023,5/2/2023,,
724,C059,51,1,8/4/2023,23:02:18,16/4/2023,8:00:19,Pallavaram,All Occasions,8/4/2023,16/4/2023,,
725,C035,35,3,6/3/2023,23:23:18,11/3/2023,20:03:47,Kishanganj,Holi,6/3/2023,11/3/2023,,
726,C044,34,2,8/21/2023,19:10:31,31/8/2023,18:54:28,Hindupur,Raksha Bandhan,21/8/2023,31/8/2023,,
727,C061,12,5,11/18/2023,1:37:03,22/11/2023,16:22:32,Anand,Anniversary,18/11/2023,22/11/2023,,
728,C073,52,2,8/2/2023,13:45:46,11/2/2023,16:07:16,Panchkula,Valentine's Day,8/2/2023,11/2/2023,,
729,C030,17,1,2/23/2023,18:19:53,25/2/2023,11:51:19,Kollam,Anniversary,23/2/2023,25/2/2023,,
730,C097,59,1,8/22/2023,2:04:03,25/8/2023,22:39:30,Sangli-Miraj & Kupwad,Raksha Bandhan,22/8/2023,25/8/2023,,
731,C083,59,5,8/25/2023,12:01:20,2/9/2023,11:02:31,Bulandshahr,Raksha Bandhan,25/8/2023,2/9/2023,,
732,C087,1,2,10/16/2023,16:47:12,21/10/2023,18:56:15,Bongaigaon,All Occasions,16/10/2023,21/10/2023,,
733,C060,32,3,1/4/2023,0:51:37,3/4/2023,2:26:43,Ludhiana,Birthday,1/4/2023,3/4/2023,,
734,C008,49,3,11/2/2023,11:44:37,14/2/2023,9:06:06,Morena,Valentine's Day,11/2/2023,14/2/2023,,
735,C037,56,1,2/2/2023,7:22:26,4/2/2023,5:57:58,Nandyal,Anniversary,2/2/2023,4/2/2023,,
736,C008,70,5,2/5/2023,3:47:04,11/5/2023,4:38:44,Ghaziabad,Birthday,2/5/2023,11/5/2023,,
737,C068,46,5,9/14/2023,7:35:50,17/9/2023,13:37:05,Bhilwara,Anniversary,14/9/2023,17/9/2023,,
738,C098,16,5,3/3/2023,16:23:38,9/3/2023,1:36:32,Maheshtala,Holi,3/3/2023,9/3/2023,,
739,C094,24,5,1/30/2023,9:43:50,3/2/2023,10:33:33,Berhampur,Birthday,30/1/2023,3/2/2023,,
740,C004,56,4,7/11/2023,16:11:58,12/11/2023,10:07:51,Silchar,Anniversary,7/11/2023,12/11/2023,,
741,C072,53,5,8/23/2023,12:47:09,1/9/2023,21:37:19,Siwan,Raksha Bandhan,23/8/2023,1/9/2023,,
742,C089,53,5,8/24/2023,19:50:07,26/8/2023,15:58:06,Panchkula,Raksha Bandhan,24/8/2023,26/8/2023,,
743,C045,4,2,9/11/2023,13:28:07,13/11/2023,1:16:24,Tiruppur,Diwali,9/11/2023,13/11/2023,,
744,C023,45,4,10/13/2023,17:53:21,14/10/2023,8:02:05,Junagadh,Birthday,13/10/2023,14/10/2023,,
745,C052,44,1,7/11/2023,9:12:26,9/11/2023,0:30:04,Kolkata,Diwali,7/11/2023,9/11/2023,,
746,C051,35,2,2/3/2023,5:23:29,6/3/2023,6:24:41,Parbhani,Holi,2/3/2023,6/3/2023,,
747,C009,6,4,6/3/2023,3:43:24,11/3/2023,16:38:35,Dhanbad,Holi,6/3/2023,11/3/2023,,
748,C079,26,1,6/3/2023,11:13:52,7/3/2023,20:26:40,Tenali,Holi,6/3/2023,7/3/2023,,
749,C099,12,2,6/19/2023,13:13:17,24/6/2023,3:37:13,Nanded,Anniversary,19/6/2023,24/6/2023,,
750,C022,19,3,8/2/2023,9:22:41,14/2/2023,22:24:42,Chapra,Valentine's Day,8/2/2023,14/2/2023,,
751,C084,23,5,10/4/2023,7:12:34,15/4/2023,1:52:34,Gandhidham,Anniversary,10/4/2023,15/4/2023,,
752,C034,3,5,10/2/2023,11:38:01,12/2/2023,10:35:58,Bally,Valentine's Day,10/2/2023,12/2/2023,,
753,C045,60,1,6/11/2023,6:55:38,12/11/2023,4:49:01,Tinsukia,Diwali,6/11/2023,12/11/2023,,
754,C083,51,2,1/11/2023,20:40:33,8/11/2023,22:13:13,Pimpri-Chinchwad,All Occasions,1/11/2023,8/11/2023,,
755,C037,6,5,2/27/2023,16:33:26,6/3/2023,2:16:52,Aurangabad,Holi,27/2/2023,6/3/2023,,
756,C034,51,4,7/29/2023,18:25:27,3/8/2023,9:56:02,Buxar,All Occasions,29/7/2023,3/8/2023,,
757,C001,2,3,12/2/2023,10:23:53,20/2/2023,4:40:28,Shivpuri,Valentine's Day,12/2/2023,20/2/2023,,
758,C043,40,5,10/16/2023,9:12:26,20/10/2023,3:46:58,Ajmer,Anniversary,16/10/2023,20/10/2023,,
759,C084,48,5,2/11/2023,6:12:14,11/11/2023,6:06:56,Bathinda,Diwali,2/11/2023,11/11/2023,,
760,C043,18,1,9/19/2023,2:28:05,21/9/2023,13:29:38,Ghaziabad,Birthday,19/9/2023,21/9/2023,,
761,C008,24,5,4/18/2023,3:25:13,25/4/2023,11:53:46,Ambala,Birthday,18/4/2023,25/4/2023,,
762,C064,50,1,2/26/2023,10:11:19,1/3/2023,3:56:20,Bangalore,Holi,26/2/2023,1/3/2023,,
763,C070,29,4,2/3/2023,15:22:09,4/3/2023,4:30:07,Nellore,Holi,2/3/2023,4/3/2023,,
764,C039,65,3,1/8/2023,19:59:36,5/8/2023,9:24:36,Berhampur,All Occasions,1/8/2023,5/8/2023,,
765,C055,41,2,3/11/2023,2:37:40,6/11/2023,3:52:27,Ambala,Diwali,3/11/2023,6/11/2023,,
766,C077,1,4,2/7/2023,16:28:53,7/7/2023,0:19:44,Hospet,All Occasions,2/7/2023,7/7/2023,,
767,C077,13,2,3/3/2023,2:21:13,4/3/2023,0:14:53,Rohtak,Holi,3/3/2023,4/3/2023,,
768,C087,1,1,11/11/2023,18:37:41,16/11/2023,12:19:42,Howrah,All Occasions,11/11/2023,16/11/2023,,
769,C029,28,2,8/25/2023,9:37:39,2/9/2023,20:10:20,Ongole,Raksha Bandhan,25/8/2023,2/9/2023,,
770,C080,25,3,5/29/2023,0:20:57,7/6/2023,9:39:12,Pallavaram,Anniversary,29/5/2023,7/6/2023,,
771,C056,9,2,8/26/2023,17:00:07,1/9/2023,10:54:16,Vijayanagaram,Raksha Bandhan,26/8/2023,1/9/2023,,
772,C085,35,5,1/3/2023,5:03:06,4/3/2023,8:20:05,Machilipatnam,Holi,1/3/2023,4/3/2023,,
773,C031,39,4,7/1/2023,2:11:24,13/1/2023,23:47:54,Karaikudi,All Occasions,7/1/2023,13/1/2023,,
774,C051,65,5,6/17/2023,21:28:21,27/6/2023,3:01:20,Begusarai,All Occasions,17/6/2023,27/6/2023,,
775,C077,45,1,2/19/2023,3:48:10,24/2/2023,23:31:47,Anand,Birthday,19/2/2023,24/2/2023,,
776,C051,43,1,9/11/2023,7:28:54,12/11/2023,21:39:04,Alwar,Diwali,9/11/2023,12/11/2023,,
777,C016,70,3,2/24/2023,15:33:57,27/2/2023,11:29:39,Bhusawal,Birthday,24/2/2023,27/2/2023,,
778,C033,61,4,10/5/2023,3:58:40,13/5/2023,11:57:17,Raebareli,Anniversary,10/5/2023,13/5/2023,,
779,C052,3,1,6/2/2023,6:26:37,8/2/2023,2:51:51,Durgapur,Valentine's Day,6/2/2023,8/2/2023,,
780,C070,33,2,10/2/2023,11:30:51,13/2/2023,4:28:25,Bikaner,Valentine's Day,10/2/2023,13/2/2023,,
781,C084,40,2,9/27/2023,15:26:58,5/10/2023,19:39:28,Muzaffarnagar,Anniversary,27/9/2023,5/10/2023,,
782,C087,22,4,4/18/2023,5:41:20,26/4/2023,19:25:29,Shimoga,All Occasions,18/4/2023,26/4/2023,,
783,C024,55,5,8/28/2023,4:31:27,29/8/2023,5:10:51,Visakhapatnam,Raksha Bandhan,28/8/2023,29/8/2023,,
784,C042,56,2,2/6/2023,8:25:52,7/6/2023,6:16:19,Bhalswa Jahangir Pur,Anniversary,2/6/2023,7/6/2023,,
785,C052,47,5,2/26/2023,17:41:34,1/3/2023,13:09:23,Jodhpur,Holi,26/2/2023,1/3/2023,,
786,C003,47,1,5/3/2023,22:47:05,7/3/2023,7:16:53,Kirari Suleman Nagar,Holi,5/3/2023,7/3/2023,,
787,C069,9,1,8/25/2023,21:42:12,27/8/2023,14:10:59,Ambarnath,Raksha Bandhan,25/8/2023,27/8/2023,,
788,C099,53,3,8/24/2023,4:58:58,27/8/2023,8:56:52,Durgapur,Raksha Bandhan,24/8/2023,27/8/2023,,
789,C048,58,4,8/2/2023,18:19:36,15/2/2023,8:00:31,Bally,Valentine's Day,8/2/2023,15/2/2023,,
790,C046,26,2,2/28/2023,6:03:29,8/3/2023,4:20:38,Chennai,Holi,28/2/2023,8/3/2023,,
791,C093,51,2,6/5/2023,2:29:51,9/5/2023,6:53:48,Bhubaneswar,All Occasions,6/5/2023,9/5/2023,,
792,C015,43,2,9/11/2023,7:00:56,10/11/2023,5:14:12,Munger,Diwali,9/11/2023,10/11/2023,,
793,C095,58,5,5/2/2023,17:37:16,15/2/2023,1:28:17,Mirzapur,Valentine's Day,5/2/2023,15/2/2023,,
794,C079,13,4,4/3/2023,17:11:58,9/3/2023,14:51:06,Shimoga,Holi,4/3/2023,9/3/2023,,
795,C070,7,1,3/3/2023,17:58:36,7/3/2023,22:17:46,Ujjain,Holi,3/3/2023,7/3/2023,,
796,C002,61,4,5/5/2023,7:53:26,14/5/2023,8:08:25,Rajkot,Anniversary,5/5/2023,14/5/2023,,
797,C047,13,2,3/3/2023,20:57:50,10/3/2023,4:29:03,Tiruvottiyur,Holi,3/3/2023,10/3/2023,,
798,C043,30,5,12/17/2023,17:35:18,26/12/2023,1:52:09,Sultan Pur Majra,Anniversary,17/12/2023,26/12/2023,,
799,C084,32,5,10/22/2023,1:50:09,1/11/2023,20:22:26,Patna,Birthday,22/10/2023,1/11/2023,,
800,C014,24,5,6/17/2023,21:50:22,21/6/2023,7:12:59,Machilipatnam,Birthday,17/6/2023,21/6/2023,,
801,C058,35,1,7/3/2023,19:15:48,15/3/2023,6:35:12,Dindigul,Holi,7/3/2023,15/3/2023,,
802,C097,45,3,3/23/2023,12:37:23,26/3/2023,6:19:00,Dibrugarh,Birthday,23/3/2023,26/3/2023,,
803,C040,26,1,3/3/2023,12:03:48,10/3/2023,2:50:05,Sambalpur,Holi,3/3/2023,10/3/2023,,
804,C009,3,3,5/2/2023,5:37:18,7/2/2023,1:58:08,Deoghar,Valentine's Day,5/2/2023,7/2/2023,,
805,C028,24,3,11/6/2023,14:39:08,14/6/2023,18:07:19,Bareilly,Birthday,11/6/2023,14/6/2023,,
806,C088,29,2,2/28/2023,13:01:22,8/3/2023,6:38:58,Jhansi,Holi,28/2/2023,8/3/2023,,
807,C006,40,4,11/29/2023,16:20:19,9/12/2023,3:09:57,Bhopal,Anniversary,29/11/2023,9/12/2023,,
808,C002,9,2,8/29/2023,15:36:39,30/8/2023,10:11:21,Raurkela Industrial Township,Raksha Bandhan,29/8/2023,30/8/2023,,
809,C062,35,1,7/3/2023,19:50:47,17/3/2023,1:51:34,Ludhiana,Holi,7/3/2023,17/3/2023,,
810,C059,24,3,12/15/2023,5:57:14,17/12/2023,12:05:52,New Delhi,Birthday,15/12/2023,17/12/2023,,
811,C020,14,5,10/18/2023,12:04:11,25/10/2023,21:55:52,Bellary,Birthday,18/10/2023,25/10/2023,,
812,C058,40,2,12/12/2023,17:19:49,14/12/2023,1:28:32,Ongole,Anniversary,12/12/2023,14/12/2023,,
813,C094,32,4,1/19/2023,8:53:43,23/1/2023,22:01:01,Bhind,Birthday,19/1/2023,23/1/2023,,
814,C094,47,5,5/3/2023,1:59:20,14/3/2023,4:41:16,Kumbakonam,Holi,5/3/2023,14/3/2023,,
815,C098,61,3,9/29/2023,7:08:13,8/10/2023,14:46:18,Bhatpara,Anniversary,29/9/2023,8/10/2023,,
816,C042,35,3,2/28/2023,19:44:25,10/3/2023,13:41:37,Ujjain,Holi,28/2/2023,10/3/2023,,
817,C066,21,2,8/28/2023,5:37:00,1/9/2023,22:05:03,Jalandhar,Raksha Bandhan,28/8/2023,1/9/2023,,
818,C004,8,4,2/3/2023,7:51:06,9/3/2023,9:07:41,Thrissur,Anniversary,2/3/2023,9/3/2023,,
819,C052,55,5,8/22/2023,13:05:23,24/8/2023,1:32:28,Kottayam,Raksha Bandhan,22/8/2023,24/8/2023,,
820,C033,64,3,8/22/2023,5:51:43,26/8/2023,4:52:23,Hapur,Raksha Bandhan,22/8/2023,26/8/2023,,
821,C050,32,4,2/27/2023,20:15:31,7/3/2023,22:46:00,Bareilly,Birthday,27/2/2023,7/3/2023,,
822,C075,41,5,9/11/2023,3:23:06,12/11/2023,4:15:17,Indore,Diwali,9/11/2023,12/11/2023,,
823,C087,64,3,8/27/2023,15:23:25,1/9/2023,14:52:40,Alappuzha,Raksha Bandhan,27/8/2023,1/9/2023,,
824,C097,46,4,6/5/2023,7:56:11,7/5/2023,15:23:52,Muzaffarpur,Anniversary,6/5/2023,7/5/2023,,
825,C044,25,5,6/30/2023,10:50:24,1/7/2023,18:08:04,Nellore,Anniversary,30/6/2023,1/7/2023,,
826,C077,16,5,2/3/2023,20:02:07,8/3/2023,6:16:18,Udaipur,Holi,2/3/2023,8/3/2023,,
827,C086,9,1,8/29/2023,22:10:46,30/8/2023,0:51:55,Surendranagar Dudhrej,Raksha Bandhan,29/8/2023,30/8/2023,,
828,C044,8,3,10/24/2023,16:47:01,1/11/2023,22:18:58,Gwalior,Anniversary,24/10/2023,1/11/2023,,
829,C020,42,4,12/19/2023,18:35:41,26/12/2023,10:18:04,Visakhapatnam,All Occasions,19/12/2023,26/12/2023,,
830,C007,46,2,12/1/2023,19:18:53,15/1/2023,5:04:21,Indore,Anniversary,12/1/2023,15/1/2023,,
831,C079,56,5,5/24/2023,18:41:33,3/6/2023,19:06:17,Rajahmundry,Anniversary,24/5/2023,3/6/2023,,
832,C026,65,4,1/2/2023,18:56:24,10/2/2023,2:19:29,Etawah,All Occasions,1/2/2023,10/2/2023,,
833,C002,26,3,5/3/2023,0:40:48,13/3/2023,1:40:17,Shahjahanpur,Holi,5/3/2023,13/3/2023,,
834,C029,60,5,3/11/2023,18:35:20,12/11/2023,14:01:49,Thrissur,Diwali,3/11/2023,12/11/2023,,
835,C089,32,2,5/7/2023,17:35:53,6/7/2023,23:34:11,Cuttack,Birthday,5/7/2023,6/7/2023,,
836,C020,44,5,8/11/2023,2:36:05,11/11/2023,3:11:27,Tumkur,Diwali,8/11/2023,11/11/2023,,
837,C036,14,5,12/19/2023,12:57:12,21/12/2023,0:00:36,Raebareli,Birthday,19/12/2023,21/12/2023,,
838,C003,19,3,9/2/2023,10:18:01,17/2/2023,6:09:40,Sirsa,Valentine's Day,9/2/2023,17/2/2023,,
839,C072,51,4,2/11/2023,3:51:23,12/11/2023,1:49:51,Udupi,All Occasions,2/11/2023,12/11/2023,,
840,C031,67,2,1/13/2023,19:19:35,16/1/2023,11:50:30,Tirunelveli,Anniversary,13/1/2023,16/1/2023,,
841,C041,26,5,7/3/2023,6:16:00,12/3/2023,23:16:39,Bhalswa Jahangir Pur,Holi,7/3/2023,12/3/2023,,
842,C085,46,2,12/29/2023,17:11:33,1/1/2024,2:27:46,Kulti,Anniversary,29/12/2023,1/1/2024,,
843,C007,68,1,11/2/2023,21:46:03,12/2/2023,19:27:09,Bikaner,Valentine's Day,11/2/2023,12/2/2023,,
844,C067,51,1,9/10/2023,19:12:55,10/10/2023,9:48:27,Satara,All Occasions,9/10/2023,10/10/2023,,
845,C032,57,5,10/17/2023,18:51:16,25/10/2023,2:55:03,Hospet,Birthday,17/10/2023,25/10/2023,,
846,C069,15,4,11/28/2023,2:47:39,2/12/2023,6:56:03,Bhalswa Jahangir Pur,Anniversary,28/11/2023,2/12/2023,,
847,C009,44,4,7/11/2023,18:10:17,12/11/2023,10:21:36,Bareilly,Diwali,7/11/2023,12/11/2023,,
848,C005,6,1,6/3/2023,16:52:57,10/3/2023,22:26:48,Shimla,Holi,6/3/2023,10/3/2023,,
849,C013,57,1,12/3/2023,1:16:48,14/3/2023,0:50:03,Panipat,Birthday,12/3/2023,14/3/2023,,
850,C092,21,4,8/23/2023,23:15:17,25/8/2023,10:31:01,Darbhanga,Raksha Bandhan,23/8/2023,25/8/2023,,
851,C030,13,3,6/3/2023,11:31:57,10/3/2023,18:17:54,Singrauli,Holi,6/3/2023,10/3/2023,,
852,C035,44,2,11/11/2023,9:41:46,14/11/2023,14:15:30,Ozhukarai,Diwali,11/11/2023,14/11/2023,,
853,C050,51,3,9/17/2023,21:14:53,23/9/2023,14:27:28,Jorhat,All Occasions,17/9/2023,23/9/2023,,
854,C016,62,3,2/27/2023,2:00:33,2/3/2023,2:51:29,Bhind,Holi,27/2/2023,2/3/2023,,
855,C033,57,5,7/8/2023,23:50:11,17/8/2023,20:15:43,Allahabad,Birthday,7/8/2023,17/8/2023,,
856,C077,21,2,8/27/2023,17:40:11,2/9/2023,16:16:50,Kanpur,Raksha Bandhan,27/8/2023,2/9/2023,,
857,C053,63,1,9/2/2023,9:22:18,18/2/2023,14:00:44,Bareilly,All Occasions,9/2/2023,18/2/2023,,
858,C046,44,4,8/11/2023,1:51:48,9/11/2023,16:01:24,Saharanpur,Diwali,8/11/2023,9/11/2023,,
859,C047,43,1,10/11/2023,7:06:21,15/11/2023,1:46:27,Varanasi,Diwali,10/11/2023,15/11/2023,,
860,C064,14,1,10/1/2023,19:29:59,13/1/2023,13:30:30,Adoni,Birthday,10/1/2023,13/1/2023,,
861,C030,32,1,9/2/2023,8:19:31,14/2/2023,2:37:34,Bidar,Birthday,9/2/2023,14/2/2023,,
862,C049,6,4,7/3/2023,5:51:14,15/3/2023,8:23:47,Shimoga,Holi,7/3/2023,15/3/2023,,
863,C099,20,3,5/6/2023,9:28:04,15/6/2023,3:13:05,Jehanabad,Anniversary,5/6/2023,15/6/2023,,
864,C033,11,1,11/2/2023,19:34:22,15/2/2023,8:05:38,Lucknow,Valentine's Day,11/2/2023,15/2/2023,,
865,C032,19,1,12/2/2023,18:09:14,13/2/2023,6:38:00,Kumbakonam,Valentine's Day,12/2/2023,13/2/2023,,
866,C021,15,5,10/8/2023,20:06:37,11/8/2023,8:02:41,Medininagar,Anniversary,10/8/2023,11/8/2023,,
867,C014,48,1,2/11/2023,12:22:06,4/11/2023,5:08:47,Hajipur,Diwali,2/11/2023,4/11/2023,,
868,C099,32,1,8/22/2023,1:01:17,30/8/2023,10:09:12,Anand,Birthday,22/8/2023,30/8/2023,,
869,C032,3,5,6/2/2023,10:03:19,11/2/2023,23:16:28,Hazaribagh,Valentine's Day,6/2/2023,11/2/2023,,
870,C018,43,5,5/11/2023,15:13:46,7/11/2023,6:49:39,Pallavaram,Diwali,5/11/2023,7/11/2023,,
871,C062,15,1,11/6/2023,6:05:30,15/6/2023,20:56:56,Secunderabad,Anniversary,11/6/2023,15/6/2023,,
872,C094,13,2,5/3/2023,20:27:57,10/3/2023,1:32:23,Bokaro,Holi,5/3/2023,10/3/2023,,
873,C027,64,4,8/26/2023,10:57:00,5/9/2023,15:45:27,Nandyal,Raksha Bandhan,26/8/2023,5/9/2023,,
874,C010,68,1,11/2/2023,12:42:30,21/2/2023,17:35:44,Ramagundam,Valentine's Day,11/2/2023,21/2/2023,,
875,C011,13,1,5/3/2023,21:22:31,14/3/2023,19:57:46,Purnia,Holi,5/3/2023,14/3/2023,,
876,C016,4,4,6/11/2023,9:38:36,14/11/2023,20:47:44,Jaunpur,Diwali,6/11/2023,14/11/2023,,
877,C041,46,5,9/3/2023,23:16:16,18/3/2023,12:27:24,Hazaribagh,Anniversary,9/3/2023,18/3/2023,,
878,C057,4,2,10/11/2023,16:36:59,19/11/2023,16:45:34,Singrauli,Diwali,10/11/2023,19/11/2023,,
879,C092,33,2,7/2/2023,5:34:34,10/2/2023,11:27:38,Kishanganj,Valentine's Day,7/2/2023,10/2/2023,,
880,C044,34,5,8/29/2023,22:14:26,31/8/2023,4:54:50,Purnia,Raksha Bandhan,29/8/2023,31/8/2023,,
881,C015,28,4,8/21/2023,15:17:42,28/8/2023,12:59:45,New Delhi,Raksha Bandhan,21/8/2023,28/8/2023,,
882,C089,64,2,8/29/2023,5:32:40,8/9/2023,16:14:53,Srikakulam,Raksha Bandhan,29/8/2023,8/9/2023,,
883,C041,36,4,7/16/2023,19:44:04,17/7/2023,21:03:02,Shahjahanpur,Birthday,16/7/2023,17/7/2023,,
884,C091,10,3,3/18/2023,22:15:44,27/3/2023,18:59:55,Tezpur,Birthday,18/3/2023,27/3/2023,,
885,C084,42,2,10/17/2023,19:52:58,21/10/2023,18:46:10,Pudukkottai,All Occasions,17/10/2023,21/10/2023,,
886,C045,53,3,8/21/2023,8:23:02,25/8/2023,19:52:35,Nanded,Raksha Bandhan,21/8/2023,25/8/2023,,
887,C091,51,3,6/29/2023,17:20:29,30/6/2023,9:55:50,Visakhapatnam,All Occasions,29/6/2023,30/6/2023,,
888,C014,69,3,6/3/2023,11:34:43,11/3/2023,15:14:09,Gandhinagar,Holi,6/3/2023,11/3/2023,,
889,C050,36,3,8/16/2023,23:06:44,18/8/2023,10:05:02,Bangalore,Birthday,16/8/2023,18/8/2023,,
890,C064,45,4,3/23/2023,23:25:20,27/3/2023,11:38:15,Kharagpur,Birthday,23/3/2023,27/3/2023,,
891,C027,58,2,8/2/2023,14:56:43,16/2/2023,23:54:45,Shivpuri,Valentine's Day,8/2/2023,16/2/2023,,
892,C025,11,4,6/2/2023,18:33:04,7/2/2023,1:26:54,Thrissur,Valentine's Day,6/2/2023,7/2/2023,,
893,C010,63,3,3/28/2023,15:40:42,7/4/2023,14:49:23,Sangli-Miraj & Kupwad,All Occasions,28/3/2023,7/4/2023,,
894,C092,54,4,10/14/2023,14:05:43,21/10/2023,23:10:21,Proddatur,Anniversary,14/10/2023,21/10/2023,,
895,C066,45,1,3/28/2023,18:45:56,6/4/2023,2:53:40,Sambhal,Birthday,28/3/2023,6/4/2023,,
896,C053,46,1,5/4/2023,4:13:55,10/4/2023,12:50:15,Haldia,Anniversary,5/4/2023,10/4/2023,,
897,C031,34,5,8/25/2023,7:53:21,1/9/2023,14:02:50,Dhule,Raksha Bandhan,25/8/2023,1/9/2023,,
898,C018,52,1,9/2/2023,6:18:52,13/2/2023,23:13:42,Kadapa,Valentine's Day,9/2/2023,13/2/2023,,
899,C011,63,1,12/17/2023,21:29:55,24/12/2023,0:16:41,Bijapur,All Occasions,17/12/2023,24/12/2023,,
900,C027,57,3,7/4/2023,15:09:00,15/4/2023,8:30:53,Sagar,Birthday,7/4/2023,15/4/2023,,
901,C043,27,4,8/22/2023,7:55:38,27/8/2023,1:32:30,Deoghar,Raksha Bandhan,22/8/2023,27/8/2023,,
902,C025,32,5,3/22/2023,13:29:55,24/3/2023,12:24:01,Bidar,Birthday,22/3/2023,24/3/2023,,
903,C066,63,2,9/15/2023,17:42:23,22/9/2023,19:28:38,Bhusawal,All Occasions,15/9/2023,22/9/2023,,
904,C013,2,4,12/2/2023,22:05:48,17/2/2023,1:05:37,Mira-Bhayandar,Valentine's Day,12/2/2023,17/2/2023,,
905,C080,58,1,10/2/2023,19:31:35,16/2/2023,8:32:14,Ichalkaranji,Valentine's Day,10/2/2023,16/2/2023,,
906,C100,49,3,6/2/2023,1:16:20,16/2/2023,9:14:48,Jalandhar,Valentine's Day,6/2/2023,16/2/2023,,
907,C046,30,2,4/19/2023,21:36:41,25/4/2023,11:12:03,Burhanpur,Anniversary,19/4/2023,25/4/2023,,
908,C090,28,5,8/22/2023,15:51:25,24/8/2023,22:50:08,Ozhukarai,Raksha Bandhan,22/8/2023,24/8/2023,,
909,C084,42,1,4/11/2023,7:43:51,8/11/2023,22:25:25,Hyderabad,All Occasions,4/11/2023,8/11/2023,,
910,C066,55,4,8/26/2023,2:03:23,4/9/2023,17:03:10,Kamarhati,Raksha Bandhan,26/8/2023,4/9/2023,,
911,C071,22,4,1/23/2023,5:18:52,28/1/2023,1:35:19,Nangloi Jat,All Occasions,23/1/2023,28/1/2023,,
912,C062,9,4,8/29/2023,3:09:59,6/9/2023,11:36:14,Ghaziabad,Raksha Bandhan,29/8/2023,6/9/2023,,
913,C092,56,5,10/12/2023,18:39:24,12/12/2023,5:37:07,Bharatpur,Anniversary,10/12/2023,12/12/2023,,
914,C048,33,4,9/2/2023,14:52:18,14/2/2023,9:47:20,Sambhal,Valentine's Day,9/2/2023,14/2/2023,,
915,C014,35,1,6/3/2023,21:12:40,14/3/2023,5:32:37,Uluberia,Holi,6/3/2023,14/3/2023,,
916,C063,33,2,6/2/2023,4:23:09,14/2/2023,21:19:24,Darbhanga,Valentine's Day,6/2/2023,14/2/2023,,
917,C052,12,3,1/24/2023,5:56:54,29/1/2023,11:04:23,Bareilly,Anniversary,24/1/2023,29/1/2023,,
918,C083,19,2,12/2/2023,18:13:06,21/2/2023,22:02:06,Pali,Valentine's Day,12/2/2023,21/2/2023,,
919,C038,35,5,2/28/2023,8:27:53,4/3/2023,0:05:29,Delhi,Holi,28/2/2023,4/3/2023,,
920,C026,45,1,6/29/2023,20:23:05,8/7/2023,23:41:37,Gorakhpur,Birthday,29/6/2023,8/7/2023,,
921,C078,23,4,9/18/2023,13:52:40,23/9/2023,7:22:26,Ghaziabad,Anniversary,18/9/2023,23/9/2023,,
922,C009,23,1,12/14/2023,9:16:24,18/12/2023,8:03:37,Mahbubnagar,Anniversary,14/12/2023,18/12/2023,,
923,C034,7,4,2/27/2023,14:37:32,28/2/2023,22:01:37,Ahmedabad,Holi,27/2/2023,28/2/2023,,
924,C013,17,1,3/25/2023,9:47:09,4/4/2023,22:56:05,Sagar,Anniversary,25/3/2023,4/4/2023,,
925,C012,31,1,8/1/2023,0:55:51,12/1/2023,6:39:07,Pallavaram,All Occasions,8/1/2023,12/1/2023,,
926,C049,40,4,3/28/2023,23:01:58,31/3/2023,23:51:25,Kulti,Anniversary,28/3/2023,31/3/2023,,
927,C100,43,4,3/11/2023,6:38:15,11/11/2023,5:00:17,Gopalpur,Diwali,3/11/2023,11/11/2023,,
928,C012,23,3,11/19/2023,11:06:24,27/11/2023,10:16:12,Bihar Sharif,Anniversary,19/11/2023,27/11/2023,,
929,C085,23,1,3/19/2023,7:00:52,26/3/2023,13:02:32,Kavali,Anniversary,19/3/2023,26/3/2023,,
930,C083,61,3,3/6/2023,15:52:31,7/6/2023,19:41:15,Gangtok,Anniversary,3/6/2023,7/6/2023,,
931,C053,14,1,4/17/2023,19:48:12,19/4/2023,10:25:35,Mahbubnagar,Birthday,17/4/2023,19/4/2023,,
932,C038,63,2,10/29/2023,16:32:30,2/11/2023,22:17:11,Durgapur,All Occasions,29/10/2023,2/11/2023,,
933,C038,51,3,11/14/2023,12:17:01,23/11/2023,2:50:02,Muzaffarnagar,All Occasions,14/11/2023,23/11/2023,,
934,C022,27,5,8/22/2023,0:41:04,23/8/2023,8:38:52,Agartala,Raksha Bandhan,22/8/2023,23/8/2023,,
935,C046,27,5,8/20/2023,9:38:15,29/8/2023,17:18:37,Kurnool,Raksha Bandhan,20/8/2023,29/8/2023,,
936,C045,43,4,2/11/2023,21:26:31,8/11/2023,10:03:32,Bardhaman,Diwali,2/11/2023,8/11/2023,,
937,C097,51,2,11/3/2023,3:57:43,15/3/2023,19:27:13,Rohtak,All Occasions,11/3/2023,15/3/2023,,
938,C005,59,3,8/29/2023,18:12:49,8/9/2023,1:17:33,Ratlam,Raksha Bandhan,29/8/2023,8/9/2023,,
939,C084,9,4,8/20/2023,20:55:05,21/8/2023,4:36:14,Bhilai,Raksha Bandhan,20/8/2023,21/8/2023,,
940,C082,57,4,11/1/2023,23:38:25,12/1/2023,4:04:53,Orai,Birthday,11/1/2023,12/1/2023,,
941,C058,18,4,5/19/2023,9:16:07,22/5/2023,10:28:01,Bidar,Birthday,19/5/2023,22/5/2023,,
942,C024,51,1,12/23/2023,4:59:43,26/12/2023,15:56:22,Surat,All Occasions,23/12/2023,26/12/2023,,
943,C026,22,4,2/19/2023,14:27:09,22/2/2023,19:05:59,Narasaraopet,All Occasions,19/2/2023,22/2/2023,,
944,C024,67,4,11/17/2023,20:34:33,21/11/2023,16:40:40,Amravati,Anniversary,17/11/2023,21/11/2023,,
945,C038,18,2,7/30/2023,12:00:02,6/8/2023,12:44:49,Raebareli,Birthday,30/7/2023,6/8/2023,,
946,C050,17,4,2/12/2023,11:07:29,9/12/2023,17:43:17,Ratlam,Anniversary,2/12/2023,9/12/2023,,
947,C100,38,3,6/10/2023,19:16:19,8/10/2023,23:24:47,Nadiad,Birthday,6/10/2023,8/10/2023,,
948,C061,26,3,4/3/2023,18:21:51,7/3/2023,13:11:26,Dehradun,Holi,4/3/2023,7/3/2023,,
949,C020,6,4,2/27/2023,20:55:01,6/3/2023,9:35:17,Begusarai,Holi,27/2/2023,6/3/2023,,
950,C014,39,3,10/16/2023,19:31:00,18/10/2023,21:09:20,Tiruchirappalli,All Occasions,16/10/2023,18/10/2023,,
951,C024,20,1,11/23/2023,15:34:09,25/11/2023,19:03:34,Bongaigaon,Anniversary,23/11/2023,25/11/2023,,
952,C027,49,4,12/2/2023,2:48:07,22/2/2023,9:19:09,Bidar,Valentine's Day,12/2/2023,22/2/2023,,
953,C076,40,1,3/9/2023,0:26:01,4/9/2023,7:33:50,Varanasi,Anniversary,3/9/2023,4/9/2023,,
954,C063,44,3,2/11/2023,4:01:43,3/11/2023,18:21:01,Ballia,Diwali,2/11/2023,3/11/2023,,
955,C015,24,4,3/6/2023,0:30:48,7/6/2023,9:07:26,Singrauli,Birthday,3/6/2023,7/6/2023,,
956,C037,34,5,8/29/2023,4:52:24,3/9/2023,14:53:28,Sagar,Raksha Bandhan,29/8/2023,3/9/2023,,
957,C038,23,1,12/15/2023,1:56:38,17/12/2023,21:07:55,Kanpur,Anniversary,15/12/2023,17/12/2023,,
958,C009,16,3,7/3/2023,14:02:57,14/3/2023,22:04:41,Bihar Sharif,Holi,7/3/2023,14/3/2023,,
959,C098,40,1,12/21/2023,1:54:46,26/12/2023,21:05:45,Raebareli,Anniversary,21/12/2023,26/12/2023,,
960,C032,48,3,5/11/2023,5:25:49,8/11/2023,9:56:17,Nadiad,Diwali,5/11/2023,8/11/2023,,
961,C016,1,5,1/2/2023,6:49:28,10/2/2023,20:54:38,Gulbarga,All Occasions,1/2/2023,10/2/2023,,
962,C028,17,5,9/29/2023,11:55:53,1/10/2023,16:15:08,Kalyan-Dombivli,Anniversary,29/9/2023,1/10/2023,,
963,C025,29,1,3/3/2023,8:44:19,6/3/2023,10:36:46,Phagwara,Holi,3/3/2023,6/3/2023,,
964,C098,32,4,10/19/2023,6:39:41,23/10/2023,22:22:39,Jammu,Birthday,19/10/2023,23/10/2023,,
965,C080,62,1,2/3/2023,3:15:10,6/3/2023,17:20:22,Amaravati,Holi,2/3/2023,6/3/2023,,
966,C061,13,2,1/3/2023,2:21:06,10/3/2023,10:22:53,Nellore,Holi,1/3/2023,10/3/2023,,
967,C041,68,4,12/2/2023,0:21:23,20/2/2023,18:29:48,Siliguri,Valentine's Day,12/2/2023,20/2/2023,,
968,C002,9,2,8/25/2023,23:55:22,1/9/2023,20:24:11,Jaunpur,Raksha Bandhan,25/8/2023,1/9/2023,,
969,C004,42,4,8/30/2023,22:56:34,3/9/2023,3:22:59,Khammam,All Occasions,30/8/2023,3/9/2023,,
970,C020,54,4,4/13/2023,3:26:33,21/4/2023,21:37:17,Siliguri,Anniversary,13/4/2023,21/4/2023,,
971,C027,47,1,2/3/2023,4:02:13,10/3/2023,19:17:36,Sultan Pur Majra,Holi,2/3/2023,10/3/2023,,
972,C026,30,2,4/30/2023,1:34:34,2/5/2023,5:27:14,Ujjain,Anniversary,30/4/2023,2/5/2023,,
973,C031,66,3,2/26/2023,10:35:55,7/3/2023,3:46:24,Barasat,Holi,26/2/2023,7/3/2023,,
974,C014,17,4,4/11/2023,19:16:59,7/11/2023,16:11:27,Pallavaram,Anniversary,4/11/2023,7/11/2023,,
975,C077,62,2,4/3/2023,0:26:32,12/3/2023,8:03:42,Sultan Pur Majra,Holi,4/3/2023,12/3/2023,,
976,C017,17,2,5/19/2023,7:11:09,20/5/2023,8:38:28,Raichur,Anniversary,19/5/2023,20/5/2023,,
977,C005,47,2,5/3/2023,12:33:31,7/3/2023,23:39:44,Rajpur Sonarpur,Holi,5/3/2023,7/3/2023,,
978,C019,29,4,2/28/2023,8:59:15,9/3/2023,6:31:07,Barasat,Holi,28/2/2023,9/3/2023,,
979,C030,9,4,8/28/2023,18:43:04,31/8/2023,20:12:58,Adoni,Raksha Bandhan,28/8/2023,31/8/2023,,
980,C067,12,5,9/21/2023,20:35:26,30/9/2023,0:43:39,Bijapur,Anniversary,21/9/2023,30/9/2023,,
981,C014,46,2,2/4/2023,20:01:08,3/4/2023,20:21:37,Dehradun,Anniversary,2/4/2023,3/4/2023,,
982,C019,47,4,2/28/2023,18:56:23,4/3/2023,3:11:23,Srinagar,Holi,28/2/2023,4/3/2023,,
983,C094,70,1,3/25/2023,9:39:44,1/4/2023,6:38:43,Satna,Birthday,25/3/2023,1/4/2023,,
984,C058,65,1,3/8/2023,22:31:02,7/8/2023,16:39:11,Ballia,All Occasions,3/8/2023,7/8/2023,,
985,C070,31,4,5/10/2023,11:27:20,13/10/2023,16:53:35,Ludhiana,All Occasions,5/10/2023,13/10/2023,,
986,C086,1,2,3/11/2023,16:41:54,5/11/2023,22:43:28,Bally,All Occasions,3/11/2023,5/11/2023,,
987,C018,65,3,12/20/2023,9:13:17,25/12/2023,4:10:09,Bulandshahr,All Occasions,20/12/2023,25/12/2023,,
988,C020,4,3,10/11/2023,9:47:17,15/11/2023,10:29:19,Mau,Diwali,10/11/2023,15/11/2023,,
989,C017,52,3,6/2/2023,8:11:27,15/2/2023,2:00:04,Bidhannagar,Valentine's Day,6/2/2023,15/2/2023,,
990,C021,42,2,4/12/2023,22:20:00,8/12/2023,23:57:55,Amritsar,All Occasions,4/12/2023,8/12/2023,,
991,C054,36,5,9/2/2023,15:01:12,15/2/2023,17:16:56,Barasat,Birthday,9/2/2023,15/2/2023,,
992,C091,43,3,2/11/2023,14:09:04,3/11/2023,19:32:39,Chittoor,Diwali,2/11/2023,3/11/2023,,
993,C082,61,5,8/10/2023,21:34:06,14/10/2023,15:55:58,Kishanganj,Anniversary,8/10/2023,14/10/2023,,
994,C004,68,2,2/13/2023,22:44:36,21/2/2023,6:45:30,Chandigarh,Valentine's Day,13/2/2023,21/2/2023,,
995,C089,57,2,7/20/2023,0:40:38,27/7/2023,11:42:03,Muzaffarnagar,Birthday,20/7/2023,27/7/2023,,
996,C077,25,5,5/13/2023,6:55:09,19/5/2023,5:41:20,Faridabad,Anniversary,13/5/2023,19/5/2023,,
997,C098,19,2,4/2/2023,4:28:27,10/2/2023,11:50:24,Vasai-Virar,Valentine's Day,4/2/2023,10/2/2023,,
998,C046,44,1,6/11/2023,16:17:11,14/11/2023,4:33:25,Ballia,Diwali,6/11/2023,14/11/2023,,
999,C054,52,2,6/2/2023,22:40:49,10/2/2023,12:29:21,Miryalaguda,Valentine's Day,6/2/2023,10/2/2023,,
1000,C012,27,4,8/25/2023,1:22:43,31/8/2023,6:57:59,Tadepalligudem,Raksha Bandhan,25/8/2023,31/8/2023,,
